{
  "bert-base-uncased": {
    "visual_cortex": 0.46185520589351653,
    "temporal_lobe": 0.5164417088031769,
    "parietal_lobe": 0.5463972508907318,
    "prefrontal_cortex": 0.5218993902206421,
    "hippocampus": 0.03804599791765213,
    "broca_area": 0.5269379377365112,
    "wernicke_area": 0.03804599568247795,
    "anterior_cingulate": 1.135455399933117e-17,
    "cerebellum": 0.23742061716814838,
    "amygdala": 0.5289055168628692
  },
  "bert-large-uncased": {
    "visual_cortex": 0.4191556632518768,
    "temporal_lobe": 0.4244232207536697,
    "parietal_lobe": 0.4585849016904831,
    "prefrontal_cortex": 0.4550104856491089,
    "hippocampus": 0.03804599680006504,
    "broca_area": 0.45697484612464906,
    "wernicke_area": 0.03804599530994892,
    "anterior_cingulate": 2.847963509537353e-17,
    "cerebellum": 0.19527990290274222,
    "amygdala": 0.4913536995649338
  },
  "distilbert-base-uncased": {
    "visual_cortex": 0.4667778849601746,
    "temporal_lobe": 0.4335984617471695,
    "parietal_lobe": 0.44089120626449585,
    "prefrontal_cortex": 0.44201954305171964,
    "hippocampus": 0.03804599791765213,
    "broca_area": 0.4426184356212616,
    "wernicke_area": 0.03804599568247795,
    "anterior_cingulate": 1.2490009523341379e-17,
    "cerebellum": 0.2589564025402069,
    "amygdala": 0.4324067890644073
  },
  "roberta-base": {
    "visual_cortex": 0.3048109084367752,
    "temporal_lobe": 0.37735017836093904,
    "parietal_lobe": 0.3781574904918671,
    "prefrontal_cortex": 0.3869367688894272,
    "hippocampus": 0.0367287989705801,
    "broca_area": 0.3712990880012512,
    "wernicke_area": 0.036728797294199464,
    "anterior_cingulate": 5.677276999665585e-18,
    "cerebellum": 0.18497515358030794,
    "amygdala": 0.4916621774435043
  },
  "roberta-large": {
    "visual_cortex": 0.5339209139347076,
    "temporal_lobe": 0.5108049631118774,
    "parietal_lobe": 0.4476898670196533,
    "prefrontal_cortex": 0.4409357994794846,
    "hippocampus": 0.036728798784315585,
    "broca_area": 0.4461910158395767,
    "wernicke_area": 0.03672879748046398,
    "anterior_cingulate": 3.9823216792033366e-18,
    "cerebellum": 0.20190399115284285,
    "amygdala": 0.9888604938983917
  },
  "albert-base-v2": {
    "visual_cortex": 0.6937945306301116,
    "temporal_lobe": 0.6829544126987457,
    "parietal_lobe": 0.665667188167572,
    "prefrontal_cortex": 0.7124727249145508,
    "hippocampus": 0.032712910883128644,
    "broca_area": 0.6719893038272857,
    "wernicke_area": 0.03271290976554155,
    "anterior_cingulate": 6.8127323995987015e-18,
    "cerebellum": 0.3785454335312049,
    "amygdala": 1.2292386531829833
  },
  "albert-large-v2": {
    "visual_cortex": 0.427399268746376,
    "temporal_lobe": 0.4406084895133972,
    "parietal_lobe": 0.4240704447031021,
    "prefrontal_cortex": 0.4603100329637527,
    "hippocampus": 0.0327129116281867,
    "broca_area": 0.4300929009914398,
    "wernicke_area": 0.032712910510599616,
    "anterior_cingulate": 6.033821001792532e-18,
    "cerebellum": 0.20530231622979045,
    "amygdala": 0.8609123528003693
  },
  "microsoft/deberta-base": {
    "visual_cortex": 0.6322286307811738,
    "temporal_lobe": 0.6365942358970642,
    "parietal_lobe": 0.6161833941936493,
    "prefrontal_cortex": 0.5970096826553345,
    "hippocampus": 0.0367287989705801,
    "broca_area": 0.6351177871227265,
    "wernicke_area": 0.036728797294199464,
    "anterior_cingulate": 5.677276999665585e-18,
    "cerebellum": 0.29859357364475725,
    "amygdala": 1.031596177816391
  },
  "microsoft/deberta-large": {
    "visual_cortex": 0.7837494790554047,
    "temporal_lobe": 0.74696586728096,
    "parietal_lobe": 0.7501241385936737,
    "prefrontal_cortex": 0.7361196458339692,
    "hippocampus": 0.036728798784315585,
    "broca_area": 0.7574127674102783,
    "wernicke_area": 0.03672879748046398,
    "anterior_cingulate": 3.9823216792033366e-18,
    "cerebellum": 0.2790558868398269,
    "amygdala": 0.8451007544994354
  },
  "distilroberta-base": {
    "visual_cortex": 0.2275632068514824,
    "temporal_lobe": 0.3513322055339813,
    "parietal_lobe": 0.3524481952190399,
    "prefrontal_cortex": 0.3439186364412308,
    "hippocampus": 0.0367287989705801,
    "broca_area": 0.34131544828414917,
    "wernicke_area": 0.036728797294199464,
    "anterior_cingulate": 6.245004761670689e-18,
    "cerebellum": 0.19467434162894887,
    "amygdala": 0.5157569438219071
  },
  "gpt2": {
    "visual_cortex": 0.5236855685710907,
    "temporal_lobe": 1.23735054731369,
    "parietal_lobe": 1.9826839089393615,
    "prefrontal_cortex": 3.1672751903533936,
    "hippocampus": 0.04044078998267651,
    "broca_area": 1.6171218633651734,
    "wernicke_area": 0.04044078774750233,
    "anterior_cingulate": 1.2616171110367966e-17,
    "cerebellum": 1.0061000826458137,
    "amygdala": 8.724216222763062
  },
  "gpt2-medium": {
    "visual_cortex": 1.048808854818344,
    "temporal_lobe": 2.0209359645843508,
    "parietal_lobe": 3.272277283668518,
    "prefrontal_cortex": 5.463272142410278,
    "hippocampus": 0.04044078849256039,
    "broca_area": 2.568776535987854,
    "wernicke_area": 0.040440787374973294,
    "anterior_cingulate": 2.4376636119322892e-17,
    "cerebellum": 1.1026591820021472,
    "amygdala": 8.838560104370117
  },
  "gpt2-large": {
    "visual_cortex": 0.5837907552719116,
    "temporal_lobe": 1.125639760494232,
    "parietal_lobe": 2.224155616760254,
    "prefrontal_cortex": 3.6431235551834105,
    "hippocampus": 0.04044078961014748,
    "broca_area": 1.6002293467521667,
    "wernicke_area": 0.04044078961014748,
    "anterior_cingulate": 3.925431629471482e-18,
    "cerebellum": 0.5484965929968488,
    "amygdala": 0.7619197785854339
  },
  "microsoft/DialoGPT-small": {
    "visual_cortex": 0.5158643573522568,
    "temporal_lobe": 1.5218515276908875,
    "parietal_lobe": 2.6641446590423583,
    "prefrontal_cortex": 3.7687815189361573,
    "hippocampus": 0.04044078998267651,
    "broca_area": 2.1788673400878906,
    "wernicke_area": 0.04044078774750233,
    "anterior_cingulate": 1.2616171110367966e-17,
    "cerebellum": 1.441348881026109,
    "amygdala": 19.078939628601074
  },
  "microsoft/DialoGPT-medium": {
    "visual_cortex": 1.329155170917511,
    "temporal_lobe": 3.341020941734314,
    "parietal_lobe": 5.313904047012329,
    "prefrontal_cortex": 7.704014825820923,
    "hippocampus": 0.04044078849256039,
    "broca_area": 4.226538944244385,
    "wernicke_area": 0.040440787374973294,
    "anterior_cingulate": 2.534204853840088e-17,
    "cerebellum": 1.5193004533648489,
    "amygdala": 0.5767547011375427
  },
  "microsoft/DialoGPT-large": {
    "visual_cortex": 1.0529822885990143,
    "temporal_lobe": 2.1361761927604674,
    "parietal_lobe": 4.403454685211182,
    "prefrontal_cortex": 6.532674646377563,
    "hippocampus": 0.04044078961014748,
    "broca_area": 3.1333756923675535,
    "wernicke_area": 0.04044078961014748,
    "anterior_cingulate": 3.925431629471482e-18,
    "cerebellum": 1.0152573665810956,
    "amygdala": 1.3712495625019074
  },
  "EleutherAI/gpt-neo-125M": {
    "visual_cortex": 1.7948121666908263,
    "temporal_lobe": 6.9200643539428714,
    "parietal_lobe": 8.807601261138917,
    "prefrontal_cortex": 10.734184074401856,
    "hippocampus": 0.04044078998267651,
    "broca_area": 8.605887699127198,
    "wernicke_area": 0.040440787002444266,
    "anterior_cingulate": 1.3625465130069648e-17,
    "cerebellum": 4.403636076052983,
    "amygdala": 2.908078646659851
  },
  "EleutherAI/gpt-neo-1.3B": {
    "visual_cortex": 0.940050733089447,
    "temporal_lobe": 2.059998631477356,
    "parietal_lobe": 3.4305250883102416,
    "prefrontal_cortex": 5.521673345565796,
    "hippocampus": 0.04044078998267651,
    "broca_area": 2.7393203496932985,
    "wernicke_area": 0.040440787374973294,
    "anterior_cingulate": 2.654881108439816e-17,
    "cerebellum": 1.4026288591325284,
    "amygdala": 2.1840759992599486
  },