{
  "bert-base-uncased": {
    "visual_cortex": 0.41619525849819183,
    "temporal_lobe": 0.43849880397319796,
    "parietal_lobe": 0.4710706114768982,
    "prefrontal_cortex": 0.41077008843421936,
    "hippocampus": 0.10503968000411987,
    "broca_area": 0.45167005658149717,
    "wernicke_area": 0.10503967925906181,
    "anterior_cingulate": 1.059758356727297e-17,
    "cerebellum": 0.2156448158125083,
    "amygdala": 0.5379247784614563
  },
  "bert-large-uncased": {
    "visual_cortex": 0.36570189893245697,
    "temporal_lobe": 0.3491495579481125,
    "parietal_lobe": 0.3941414415836334,
    "prefrontal_cortex": 0.3820940166711807,
    "hippocampus": 0.10503968447446824,
    "broca_area": 0.3908621251583099,
    "wernicke_area": 0.105039681494236,
    "anterior_cingulate": 2.968639813767918e-17,
    "cerebellum": 0.17561624692752958,
    "amygdala": 0.4598622441291809
  },
  "distilbert-base-uncased": {
    "visual_cortex": 0.42654731273651125,
    "temporal_lobe": 0.3756154030561447,
    "parietal_lobe": 0.3820780575275421,
    "prefrontal_cortex": 0.3403539538383484,
    "hippocampus": 0.10503968000411987,
    "broca_area": 0.3791452139616013,
    "wernicke_area": 0.10503968000411987,
    "anterior_cingulate": 1.1102231404304422e-17,
    "cerebellum": 0.23473336795965832,
    "amygdala": 0.45720626413822174
  },
  "roberta-base": {
    "visual_cortex": 0.26523166596889497,
    "temporal_lobe": 0.3123879760503769,
    "parietal_lobe": 0.3093257635831833,
    "prefrontal_cortex": 0.3143475353717804,
    "hippocampus": 0.10781745910644532,
    "broca_area": 0.298876890540123,
    "wernicke_area": 0.10781745910644532,
    "anterior_cingulate": 1.5644051845984033e-17,
    "cerebellum": 0.15101781574388345,
    "amygdala": 0.47200130820274355
  },
  "roberta-large": {
    "visual_cortex": 0.471816086769104,
    "temporal_lobe": 0.4278330624103546,
    "parietal_lobe": 0.35590716898441316,
    "prefrontal_cortex": 0.33922187983989716,
    "hippocampus": 0.10781746059656143,
    "broca_area": 0.3743947118520737,
    "wernicke_area": 0.10781745910644532,
    "anterior_cingulate": 4.1271333580173485e-17,
    "cerebellum": 0.1756207580678165,
    "amygdala": 0.9891611218452454
  },
  "albert-base-v2": {
    "visual_cortex": 0.6332480609416962,
    "temporal_lobe": 0.5475190639495849,
    "parietal_lobe": 0.5352553427219391,
    "prefrontal_cortex": 0.5637918770313263,
    "hippocampus": 0.10578754320740699,
    "broca_area": 0.530753168463707,
    "wernicke_area": 0.10578754246234894,
    "anterior_cingulate": 2.5736989065150653e-17,
    "cerebellum": 0.29651427281399567,
    "amygdala": 1.1160051465034484
  },
  "albert-large-v2": {
    "visual_cortex": 0.3660786598920822,
    "temporal_lobe": 0.35620410442352296,
    "parietal_lobe": 0.3357336729764938,
    "prefrontal_cortex": 0.3615177899599075,
    "hippocampus": 0.10578754767775536,
    "broca_area": 0.3467266231775284,
    "wernicke_area": 0.10578754469752312,
    "anterior_cingulate": 4.609839100199297e-17,
    "cerebellum": 0.13247541380114852,
    "amygdala": 0.7539054036140442
  },
  "microsoft/deberta-base": {
    "visual_cortex": 0.5578225910663605,
    "temporal_lobe": 0.5369142949581146,
    "parietal_lobe": 0.5099799990653991,
    "prefrontal_cortex": 0.48630479276180266,
    "hippocampus": 0.10781746059656143,
    "broca_area": 0.5385882973670959,
    "wernicke_area": 0.10781745836138726,
    "anterior_cingulate": 2.3213754677640934e-17,
    "cerebellum": 0.26000655616323154,
    "amygdala": 0.9021626949310303
  },
  "microsoft/deberta-large": {
    "visual_cortex": 0.6665592074394227,
    "temporal_lobe": 0.605954933166504,
    "parietal_lobe": 0.6183336794376373,
    "prefrontal_cortex": 0.5897507607936859,
    "hippocampus": 0.10781746208667756,
    "broca_area": 0.6071792006492615,
    "wernicke_area": 0.10781745910644532,
    "anterior_cingulate": 3.982321813620186e-17,
    "cerebellum": 0.24268103080491224,
    "amygdala": 0.7440097808837891
  },
  "distilroberta-base": {
    "visual_cortex": 0.2040705695748329,
    "temporal_lobe": 0.3030099868774414,
    "parietal_lobe": 0.283974626660347,
    "prefrontal_cortex": 0.27943913340568544,
    "hippocampus": 0.10781745910644532,
    "broca_area": 0.2778603106737137,
    "wernicke_area": 0.10781745761632919,
    "anterior_cingulate": 8.88178499109464e-18,
    "cerebellum": 0.1599772325406472,
    "amygdala": 0.5364567995071411
  },
  "gpt2": {
    "visual_cortex": 0.5538655340671539,
    "temporal_lobe": 1.486200988292694,
    "parietal_lobe": 2.3825331211090086,
    "prefrontal_cortex": 3.4424334287643434,
    "hippocampus": 0.13940476551651954,
    "broca_area": 2.029292106628418,
    "wernicke_area": 0.1394047610461712,
    "anterior_cingulate": 6.964126552184791e-17,
    "cerebellum": 0.9931535765528678,
    "amygdala": 8.23329930305481
  },
  "gpt2-medium": {
    "visual_cortex": 1.0347705245018006,
    "temporal_lobe": 2.3554137706756593,
    "parietal_lobe": 3.465501403808594,
    "prefrontal_cortex": 5.468440961837769,
    "hippocampus": 0.1394047610461712,
    "broca_area": 2.8415645599365233,
    "wernicke_area": 0.13940475955605508,
    "anterior_cingulate": 1.5663798731700817e-16,
    "cerebellum": 1.0203512083739041,
    "amygdala": 8.467410802841187
  },
  "gpt2-large": {
    "visual_cortex": 0.6136670470237732,
    "temporal_lobe": 1.2180418968200684,
    "parietal_lobe": 2.3241219520568848,
    "prefrontal_cortex": 3.5860628843307496,
    "hippocampus": 0.1394047684967518,
    "broca_area": 1.7729121685028075,
    "wernicke_area": 0.13940476551651954,
    "anterior_cingulate": 2.5535131704640483e-17,
    "cerebellum": 0.5020497808439864,
    "amygdala": 0.8142350494861603
  },
  "microsoft/DialoGPT-small": {
    "visual_cortex": 0.5730339169502259,
    "temporal_lobe": 2.614552688598633,
    "parietal_lobe": 4.789540529251099,
    "prefrontal_cortex": 5.844786310195923,
    "hippocampus": 0.13940476700663568,
    "broca_area": 4.124429941177368,
    "wernicke_area": 0.1394047625362873,
    "anterior_cingulate": 5.248327082651401e-17,
    "cerebellum": 1.7644099180897075,
    "amygdala": 17.637325477600097
  },
  "microsoft/DialoGPT-medium": {
    "visual_cortex": 1.4596356272697448,
    "temporal_lobe": 5.6526275157928465,
    "parietal_lobe": 7.698160600662232,
    "prefrontal_cortex": 9.975405597686768,
    "hippocampus": 0.1394047610461712,
    "broca_area": 6.598288679122925,
    "wernicke_area": 0.13940475955605508,
    "anterior_cingulate": 1.2936512365982352e-16,
    "cerebellum": 1.638212577501933,
    "amygdala": 0.6102863371372222
  },
  "microsoft/DialoGPT-large": {
    "visual_cortex": 1.1315363943576813,
    "temporal_lobe": 2.5773118257522585,
    "parietal_lobe": 5.101425075531006,
    "prefrontal_cortex": 7.103533506393433,
    "hippocampus": 0.13940476551651954,
    "broca_area": 3.8914132356643676,
    "wernicke_area": 0.13940476551651954,
    "anterior_cingulate": 2.5693734322674666e-17,
    "cerebellum": 1.060183714578549,
    "amygdala": 1.1604931116104127
  },
  "EleutherAI/gpt-neo-125M": {
    "visual_cortex": 1.883349096775055,
    "temporal_lobe": 7.246131849288941,
    "parietal_lobe": 11.775285243988037,
    "prefrontal_cortex": 13.264892959594727,
    "hippocampus": 0.1394047625362873,
    "broca_area": 9.133474826812744,
    "wernicke_area": 0.13940476179122924,
    "anterior_cingulate": 7.065055623282714e-17,
    "cerebellum": 4.8540898392597835,
    "amygdala": 2.6872756719589233
  },
  "EleutherAI/gpt-neo-1.3B": {
    "visual_cortex": 0.9886504769325256,
    "temporal_lobe": 2.18763108253479,
    "parietal_lobe": 3.917222332954407,
    "prefrontal_cortex": 5.798565149307251,
    "hippocampus": 0.13940475955605508,
    "broca_area": 3.2889644861221314,
    "wernicke_area": 0.13940475955605508,
    "anterior_cingulate": 1.332267675872302e-16,
    "cerebellum": 1.4096258024374644,
    "amygdala": 2.140985941886902
  },
  "EleutherAI/gpt-neo-2.7B": {
    "visual_cortex": 1.022130984067917,