{
  "bert-base-uncased": {
    "visual_cortex": 0.47316511571407316,
    "temporal_lobe": 0.5285565733909607,
    "parietal_lobe": 0.542818158864975,
    "prefrontal_cortex": 0.4963162362575531,
    "hippocampus": 0.03175294976681471,
    "broca_area": 0.5304255306720733,
    "wernicke_area": 0.031752949208021165,
    "anterior_cingulate": 1.892425666555195e-18,
    "cerebellum": 0.23380142400662107,
    "amygdala": 0.5329382419586182
  },
  "bert-large-uncased": {
    "visual_cortex": 0.44214336574077606,
    "temporal_lobe": 0.4392258107662201,
    "parietal_lobe": 0.4613586783409119,
    "prefrontal_cortex": 0.44744672775268557,
    "hippocampus": 0.0317529508844018,
    "broca_area": 0.4600896030664444,
    "wernicke_area": 0.03175294976681471,
    "anterior_cingulate": 3.620292435639397e-18,
    "cerebellum": 0.1964364162335793,
    "amygdala": 0.47156106531620023
  },
  "distilbert-base-uncased": {
    "visual_cortex": 0.4803787380456924,
    "temporal_lobe": 0.4453712910413742,
    "parietal_lobe": 0.43889862596988677,
    "prefrontal_cortex": 0.4230924606323242,
    "hippocampus": 0.03175294976681471,
    "broca_area": 0.4455177366733551,
    "wernicke_area": 0.031752949208021165,
    "anterior_cingulate": 2.0816682538902298e-18,
    "cerebellum": 0.25675115659832953,
    "amygdala": 0.4120269507169724
  },
  "roberta-base": {
    "visual_cortex": 0.3018671989440918,
    "temporal_lobe": 0.3662273406982422,
    "parietal_lobe": 0.36014231145381925,
    "prefrontal_cortex": 0.372223499417305,
    "hippocampus": 0.03176086694002152,
    "broca_area": 0.35489623844623563,
    "wernicke_area": 0.031760865822434425,
    "anterior_cingulate": 4.541821599732468e-18,
    "cerebellum": 0.17736728501816593,
    "amygdala": 0.5008676260709762
  },
  "roberta-large": {
    "visual_cortex": 0.5298760533332825,
    "temporal_lobe": 0.49079230427742004,
    "parietal_lobe": 0.40663365721702577,
    "prefrontal_cortex": 0.41204698085784913,
    "hippocampus": 0.031760867685079575,
    "broca_area": 0.4230703264474869,
    "wernicke_area": 0.031760866194963454,
    "anterior_cingulate": 5.068409409895156e-18,
    "cerebellum": 0.19378204848617314,
    "amygdala": 0.9888512194156647
  },
  "albert-base-v2": {
    "visual_cortex": 0.67446870803833,
    "temporal_lobe": 0.6485974013805389,
    "parietal_lobe": 0.6270549774169922,
    "prefrontal_cortex": 0.6660341322422028,
    "hippocampus": 0.03232074417173862,
    "broca_area": 0.6325576186180115,
    "wernicke_area": 0.03232074398547411,
    "anterior_cingulate": 3.78485133311039e-19,
    "cerebellum": 0.37437713518738747,
    "amygdala": 1.1956072449684143
  },
  "albert-large-v2": {
    "visual_cortex": 0.41317701041698457,
    "temporal_lobe": 0.41938128769397737,
    "parietal_lobe": 0.403878265619278,
    "prefrontal_cortex": 0.4371410012245178,
    "hippocampus": 0.03232074566185474,
    "broca_area": 0.4119407147169113,
    "wernicke_area": 0.03232074473053217,
    "anterior_cingulate": 2.534204704947578e-18,
    "cerebellum": 0.20889436906824513,
    "amygdala": 0.8623538494110108
  },
  "microsoft/deberta-base": {
    "visual_cortex": 0.6366044819355011,
    "temporal_lobe": 0.6229206621646881,
    "parietal_lobe": 0.5866020262241364,
    "prefrontal_cortex": 0.5698919534683228,
    "hippocampus": 0.03176086694002152,
    "broca_area": 0.6106225490570069,
    "wernicke_area": 0.031760865822434425,
    "anterior_cingulate": 4.541821599732468e-18,
    "cerebellum": 0.2910169217735529,
    "amygdala": 1.0341445565223695
  },
  "microsoft/deberta-large": {
    "visual_cortex": 0.786779111623764,
    "temporal_lobe": 0.7453991651535035,
    "parietal_lobe": 0.7387157559394837,
    "prefrontal_cortex": 0.7221428692340851,
    "hippocampus": 0.031760867685079575,
    "broca_area": 0.7528329193592072,
    "wernicke_area": 0.031760866194963454,
    "anterior_cingulate": 5.068409409895156e-18,
    "cerebellum": 0.27493828497827055,
    "amygdala": 0.8500969052314759
  },
  "distilroberta-base": {
    "visual_cortex": 0.22632572650909424,
    "temporal_lobe": 0.34413244426250456,
    "parietal_lobe": 0.33879815340042113,
    "prefrontal_cortex": 0.3354505836963654,
    "hippocampus": 0.03176086694002152,
    "broca_area": 0.3317021757364273,
    "wernicke_area": 0.031760865822434425,
    "anterior_cingulate": 4.9960038093365514e-18,
    "cerebellum": 0.187584837526083,
    "amygdala": 0.520082974433899
  },
  "gpt2": {
    "visual_cortex": 0.5343728482723236,
    "temporal_lobe": 1.2376572012901306,
    "parietal_lobe": 1.9807634949684143,
    "prefrontal_cortex": 3.143238067626953,
    "hippocampus": 0.03393144235014915,
    "broca_area": 1.60620459318161,
    "wernicke_area": 0.033931441605091095,
    "anterior_cingulate": 3.027881066488312e-18,
    "cerebellum": 0.9982989368339379,
    "amygdala": 8.231468439102173
  },
  "gpt2-medium": {
    "visual_cortex": 1.0706079125404357,
    "temporal_lobe": 1.991962742805481,
    "parietal_lobe": 3.209225130081177,
    "prefrontal_cortex": 5.405343961715698,
    "hippocampus": 0.033931444585323337,
    "broca_area": 2.5363767623901365,
    "wernicke_area": 0.03393144272267819,
    "anterior_cingulate": 6.516526384150914e-18,
    "cerebellum": 1.0901069950312376,
    "amygdala": 8.729006385803222
  },
  "gpt2-large": {
    "visual_cortex": 0.5808048903942108,
    "temporal_lobe": 1.1074568390846253,
    "parietal_lobe": 2.1898972749710084,
    "prefrontal_cortex": 3.670755672454834,
    "hippocampus": 0.033931443095207216,
    "broca_area": 1.5804121494293213,
    "wernicke_area": 0.033931443095207216,
    "anterior_cingulate": 7.137148417220876e-19,
    "cerebellum": 0.542834407546454,
    "amygdala": 0.7825086116790771
  },
  "microsoft/DialoGPT-small": {
    "visual_cortex": 0.5504818558692932,
    "temporal_lobe": 1.5450832843780518,
    "parietal_lobe": 2.632216787338257,
    "prefrontal_cortex": 3.725710153579712,
    "hippocampus": 0.03393144235014915,
    "broca_area": 2.152140474319458,
    "wernicke_area": 0.033931441605091095,
    "anterior_cingulate": 3.027881066488312e-18,
    "cerebellum": 1.4410612439115842,
    "amygdala": 19.79960403442383
  },
  "microsoft/DialoGPT-medium": {
    "visual_cortex": 1.3976936340332031,
    "temporal_lobe": 3.300737166404724,
    "parietal_lobe": 5.295110416412354,
    "prefrontal_cortex": 7.566877174377441,
    "hippocampus": 0.033931444585323337,
    "broca_area": 4.223171424865723,
    "wernicke_area": 0.03393144272267819,
    "anterior_cingulate": 6.516526384150914e-18,
    "cerebellum": 1.5213742432494959,
    "amygdala": 0.5962555527687072
  },
  "microsoft/DialoGPT-large": {
    "visual_cortex": 1.1178273797035216,
    "temporal_lobe": 2.2006629705429077,
    "parietal_lobe": 4.500926208496094,
    "prefrontal_cortex": 6.549383878707886,
    "hippocampus": 0.033931443095207216,
    "broca_area": 3.2188212633132935,
    "wernicke_area": 0.033931443095207216,
    "anterior_cingulate": 7.137148417220876e-19,
    "cerebellum": 1.0226385873225001,
    "amygdala": 1.497811460494995
  },
  "EleutherAI/gpt-neo-125M": {
    "visual_cortex": 1.8119835615158082,
    "temporal_lobe": 6.895032691955566,
    "parietal_lobe": 8.6889253616333,
    "prefrontal_cortex": 10.819969272613525,
    "hippocampus": 0.03393144235014915,
    "broca_area": 8.573889636993409,
    "wernicke_area": 0.033931441605091095,
    "anterior_cingulate": 3.027881066488312e-18,
    "cerebellum": 4.374650471409162,
    "amygdala": 2.7665340185165403
  },
  "EleutherAI/gpt-neo-1.3B": {
    "visual_cortex": 0.9398673057556153,
    "temporal_lobe": 2.0067506551742555,
    "parietal_lobe": 3.343820881843567,
    "prefrontal_cortex": 5.3890135288238525,
    "hippocampus": 0.033931444585323337,
    "broca_area": 2.649472141265869,
    "wernicke_area": 0.03393144272267819,
    "anterior_cingulate": 6.516526384150914e-18,
    "cerebellum": 1.3653361176451049,
    "amygdala": 2.1683948040008545
  },