{
  "bert-base-uncased": {
    "visual_cortex": 0.4657332241535187,
    "temporal_lobe": 0.5060304671525955,
    "parietal_lobe": 0.5270211815834045,
    "prefrontal_cortex": 0.49330662190914154,
    "hippocampus": 0.055507547408342364,
    "broca_area": 0.5127555787563324,
    "wernicke_area": 0.0555075466632843,
    "anterior_cingulate": 2.270910799866234e-18,
    "cerebellum": 0.23639378348986306,
    "amygdala": 0.5256729006767273
  },
  "bert-large-uncased": {
    "visual_cortex": 0.42594611644744873,
    "temporal_lobe": 0.4274097174406052,
    "parietal_lobe": 0.4546063721179962,
    "prefrontal_cortex": 0.4545997679233551,
    "hippocampus": 0.05550754889845848,
    "broca_area": 0.4472512543201447,
    "wernicke_area": 0.055507547408342364,
    "anterior_cingulate": 7.964643420445218e-18,
    "cerebellum": 0.19991987055788435,
    "amygdala": 0.4783774226903915
  },
  "distilbert-base-uncased": {
    "visual_cortex": 0.4809800565242767,
    "temporal_lobe": 0.4425772875547409,
    "parietal_lobe": 0.43365811705589297,
    "prefrontal_cortex": 0.40931612253189087,
    "hippocampus": 0.055507547408342364,
    "broca_area": 0.43784679770469664,
    "wernicke_area": 0.0555075466632843,
    "anterior_cingulate": 6.938894400215596e-18,
    "cerebellum": 0.25318240697185196,
    "amygdala": 0.4091797411441803
  },
  "roberta-base": {
    "visual_cortex": 0.29995678961277006,
    "temporal_lobe": 0.3696811944246292,
    "parietal_lobe": 0.3610671848058701,
    "prefrontal_cortex": 0.3742268353700638,
    "hippocampus": 0.05760057140141726,
    "broca_area": 0.3571652740240097,
    "wernicke_area": 0.057600568793714044,
    "anterior_cingulate": 1.8924256500115828e-17,
    "cerebellum": 0.18230528694887957,
    "amygdala": 0.48484985828399657
  },
  "roberta-large": {
    "visual_cortex": 0.5288353562355042,
    "temporal_lobe": 0.49058873057365415,
    "parietal_lobe": 0.41549443900585176,
    "prefrontal_cortex": 0.4140423387289047,
    "hippocampus": 0.05760057251900434,
    "broca_area": 0.4284082382917404,
    "wernicke_area": 0.05760057084262371,
    "anterior_cingulate": 2.5704076789348087e-17,
    "cerebellum": 0.19968510201821726,
    "amygdala": 0.9889430403709412
  },
  "albert-base-v2": {
    "visual_cortex": 0.6815312027931213,
    "temporal_lobe": 0.6580991148948669,
    "parietal_lobe": 0.6307225048542022,
    "prefrontal_cortex": 0.6610395073890686,
    "hippocampus": 0.05511741451919079,
    "broca_area": 0.6412190914154052,
    "wernicke_area": 0.0551174134016037,
    "anterior_cingulate": 4.289498177525108e-18,
    "cerebellum": 0.35797982501486936,
    "amygdala": 1.1846078991889955
  },
  "albert-large-v2": {
    "visual_cortex": 0.41655469834804537,
    "temporal_lobe": 0.42109012305736543,
    "parietal_lobe": 0.3986714631319046,
    "prefrontal_cortex": 0.4266397327184677,
    "hippocampus": 0.05511741675436497,
    "broca_area": 0.40771844387054446,
    "wernicke_area": 0.05511741489171982,
    "anterior_cingulate": 9.412760415380493e-18,
    "cerebellum": 0.17522971462458373,
    "amygdala": 0.8177419781684876
  },
  "microsoft/deberta-base": {
    "visual_cortex": 0.6268118560314179,
    "temporal_lobe": 0.6156117498874665,
    "parietal_lobe": 0.5983342289924621,
    "prefrontal_cortex": 0.5805964529514313,
    "hippocampus": 0.057600572146475314,
    "broca_area": 0.6133368670940399,
    "wernicke_area": 0.05760056953877211,
    "anterior_cingulate": 2.4475371457805487e-17,
    "cerebellum": 0.3028011543055375,
    "amygdala": 1.0090176045894623
  },
  "microsoft/deberta-large": {
    "visual_cortex": 0.7677710831165314,
    "temporal_lobe": 0.7047949254512786,
    "parietal_lobe": 0.7178066909313202,
    "prefrontal_cortex": 0.6948642313480378,
    "hippocampus": 0.05760057102888823,
    "broca_area": 0.7187679827213287,
    "wernicke_area": 0.057600570097565654,
    "anterior_cingulate": 2.2083784850017055e-17,
    "cerebellum": 0.2725268301243583,
    "amygdala": 0.8223792970180511
  },
  "distilroberta-base": {
    "visual_cortex": 0.2246982902288437,
    "temporal_lobe": 0.3451002508401871,
    "parietal_lobe": 0.33812958300113677,
    "prefrontal_cortex": 0.3256129175424576,
    "hippocampus": 0.05760057289153338,
    "broca_area": 0.3356547474861145,
    "wernicke_area": 0.05760056953877211,
    "anterior_cingulate": 2.7478021613095524e-17,
    "cerebellum": 0.18886540519694486,
    "amygdala": 0.5246730029582978
  },
  "gpt2": {
    "visual_cortex": 0.5318029165267945,
    "temporal_lobe": 1.3289506435394287,
    "parietal_lobe": 2.146017587184906,
    "prefrontal_cortex": 3.3351637363433837,
    "hippocampus": 0.06877759657800198,
    "broca_area": 1.760551381111145,
    "wernicke_area": 0.06877759732306003,
    "anterior_cingulate": 6.585641220350404e-17,
    "cerebellum": 1.0263996772468091,
    "amygdala": 8.940891408920288
  },
  "gpt2-medium": {
    "visual_cortex": 1.0487307012081146,
    "temporal_lobe": 2.1285776138305663,
    "parietal_lobe": 3.314249348640442,
    "prefrontal_cortex": 5.557451486587524,
    "hippocampus": 0.06877759471535683,
    "broca_area": 2.662136435508728,
    "wernicke_area": 0.0687775919213891,
    "anterior_cingulate": 1.1934897382371535e-16,
    "cerebellum": 1.0848003839453062,
    "amygdala": 9.587964248657226
  },
  "gpt2-large": {
    "visual_cortex": 0.5853589236736297,
    "temporal_lobe": 1.1402803540229798,
    "parietal_lobe": 2.2566550970077515,
    "prefrontal_cortex": 3.6783592224121096,
    "hippocampus": 0.06877759955823422,
    "broca_area": 1.6478863954544067,
    "wernicke_area": 0.06877759955823422,
    "anterior_cingulate": 7.969816008290181e-18,
    "cerebellum": 0.529797435593274,
    "amygdala": 0.7672973334789276
  },
  "microsoft/DialoGPT-small": {
    "visual_cortex": 0.5201023876667022,
    "temporal_lobe": 1.8175228357315063,
    "parietal_lobe": 3.2704165458679197,
    "prefrontal_cortex": 4.3825997591018675,
    "hippocampus": 0.06877759657800198,
    "broca_area": 2.734979820251465,
    "wernicke_area": 0.06877759657800198,
    "anterior_cingulate": 5.223094823148726e-17,
    "cerebellum": 1.5397784431775412,
    "amygdala": 18.654298973083495
  },
  "microsoft/DialoGPT-medium": {
    "visual_cortex": 1.288438332080841,
    "temporal_lobe": 3.9585049390792846,
    "parietal_lobe": 6.015821743011474,
    "prefrontal_cortex": 8.447299385070801,
    "hippocampus": 0.06877759397029877,
    "broca_area": 4.867968368530273,
    "wernicke_area": 0.06877759266644716,
    "anterior_cingulate": 1.137978607685411e-16,
    "cerebellum": 1.569177684187889,
    "amygdala": 0.5703375041484833
  },
  "microsoft/DialoGPT-large": {
    "visual_cortex": 0.9814745485782623,
    "temporal_lobe": 2.135508728027344,
    "parietal_lobe": 4.631957578659057,
    "prefrontal_cortex": 6.7818361759185795,
    "hippocampus": 0.06877759955823422,
    "broca_area": 3.274366354942322,
    "wernicke_area": 0.06877759955823422,
    "anterior_cingulate": 7.652609138540107e-18,
    "cerebellum": 1.0175741805798477,
    "amygdala": 1.4882646203041077
  },
  "EleutherAI/gpt-neo-125M": {
    "visual_cortex": 1.8824193954467774,
    "temporal_lobe": 7.122796535491943,
    "parietal_lobe": 9.789047908782958,
    "prefrontal_cortex": 11.648598957061768,
    "hippocampus": 0.06877759955823422,
    "broca_area": 8.85606336593628,
    "wernicke_area": 0.06877759359776973,
    "anterior_cingulate": 5.5258829628847814e-17,
    "cerebellum": 4.544360221425693,
    "amygdala": 2.7900399208068847
  },
  "EleutherAI/gpt-neo-1.3B": {
    "visual_cortex": 0.9764590322971344,
    "temporal_lobe": 2.1305099725723267,
    "parietal_lobe": 3.633996844291687,
    "prefrontal_cortex": 5.697816371917725,
    "hippocampus": 0.06877759471535683,
    "broca_area": 2.9588366985321044,
    "wernicke_area": 0.06877759266644716,
    "anterior_cingulate": 1.152459772464885e-16,
    "cerebellum": 1.4051022090017797,
    "amygdala": 2.2383511066436768
  },