{
  "bert-base-uncased": {
    "visual_cortex": 0.4488728791475296,
    "temporal_lobe": 0.4780842214822769,
    "parietal_lobe": 0.5048459202051163,
    "prefrontal_cortex": 0.46251800656318665,
    "hippocampus": 0.08363816887140274,
    "broca_area": 0.4842305392026901,
    "wernicke_area": 0.08363816663622856,
    "anterior_cingulate": 2.5863150445382087e-17,
    "cerebellum": 0.2265167970210314,
    "amygdala": 0.5300748884677887
  },
  "bert-large-uncased": {
    "visual_cortex": 0.4064869523048401,
    "temporal_lobe": 0.3995982676744461,
    "parietal_lobe": 0.4310474365949631,
    "prefrontal_cortex": 0.4150575459003448,
    "hippocampus": 0.08363816440105439,
    "broca_area": 0.4339035123586655,
    "wernicke_area": 0.08363816514611244,
    "anterior_cingulate": 1.9066874100966605e-17,
    "cerebellum": 0.18978979913517835,
    "amygdala": 0.47800911366939547
  },
  "distilbert-base-uncased": {
    "visual_cortex": 0.4643963485956192,
    "temporal_lobe": 0.4128461450338364,
    "parietal_lobe": 0.4094791948795319,
    "prefrontal_cortex": 0.383498415350914,
    "hippocampus": 0.08363816738128663,
    "broca_area": 0.4070332109928131,
    "wernicke_area": 0.08363816738128663,
    "anterior_cingulate": 2.775557809717075e-17,
    "cerebellum": 0.24100301389892892,
    "amygdala": 0.4316523432731628
  },
  "roberta-base": {
    "visual_cortex": 0.28981040716171264,
    "temporal_lobe": 0.3459348022937775,
    "parietal_lobe": 0.3318013608455658,
    "prefrontal_cortex": 0.3402842730283737,
    "hippocampus": 0.08448773622512817,
    "broca_area": 0.3267393261194229,
    "wernicke_area": 0.08448773324489593,
    "anterior_cingulate": 3.078345701298947e-17,
    "cerebellum": 0.16579024872432152,
    "amygdala": 0.47639482617378237
  },
  "roberta-large": {
    "visual_cortex": 0.5132462710142136,
    "temporal_lobe": 0.46530156433582304,
    "parietal_lobe": 0.38597353994846345,
    "prefrontal_cortex": 0.37233138680458067,
    "hippocampus": 0.08448773548007012,
    "broca_area": 0.3974195659160614,
    "wernicke_area": 0.08448773249983788,
    "anterior_cingulate": 1.6170639987018965e-17,
    "cerebellum": 0.18476220897088447,
    "amygdala": 0.9890432894229889
  },
  "albert-base-v2": {
    "visual_cortex": 0.6573032081127167,
    "temporal_lobe": 0.5882242798805237,
    "parietal_lobe": 0.5588907897472382,
    "prefrontal_cortex": 0.5868942737579346,
    "hippocampus": 0.08298913314938546,
    "broca_area": 0.5630143404006958,
    "wernicke_area": 0.08298913389444351,
    "anterior_cingulate": 1.6653345865685716e-17,
    "cerebellum": 0.31350349982579545,
    "amygdala": 1.1312129020690918
  },
  "albert-large-v2": {
    "visual_cortex": 0.39120741188526154,
    "temporal_lobe": 0.3793821781873703,
    "parietal_lobe": 0.3545780837535858,
    "prefrontal_cortex": 0.3809525430202484,
    "hippocampus": 0.08298913463950157,
    "broca_area": 0.36559715270996096,
    "wernicke_area": 0.08298913203179836,
    "anterior_cingulate": 3.3548043574690497e-17,
    "cerebellum": 0.13960358655701083,
    "amygdala": 0.7989260375499725
  },
  "microsoft/deberta-base": {
    "visual_cortex": 0.6095142483711242,
    "temporal_lobe": 0.585627692937851,
    "parietal_lobe": 0.5501712560653687,
    "prefrontal_cortex": 0.5278819441795349,
    "hippocampus": 0.08448773771524429,
    "broca_area": 0.5729069232940673,
    "wernicke_area": 0.08448773398995399,
    "anterior_cingulate": 2.876486996620284e-17,
    "cerebellum": 0.2783239429195722,
    "amygdala": 0.966855651140213
  },
  "microsoft/deberta-large": {
    "visual_cortex": 0.7311473727226258,
    "temporal_lobe": 0.6614693403244019,
    "parietal_lobe": 0.6629009485244751,
    "prefrontal_cortex": 0.6381947517395019,
    "hippocampus": 0.08448773548007012,
    "broca_area": 0.6601052224636078,
    "wernicke_area": 0.08448773175477982,
    "anterior_cingulate": 2.1480402460324587e-17,
    "cerebellum": 0.25270513929426675,
    "amygdala": 0.7651663064956665
  },
  "distilroberta-base": {
    "visual_cortex": 0.2193388283252716,
    "temporal_lobe": 0.33101013004779817,
    "parietal_lobe": 0.3133007317781448,
    "prefrontal_cortex": 0.29952225983142855,
    "hippocampus": 0.08448773697018623,
    "broca_area": 0.3118259280920029,
    "wernicke_area": 0.08448773473501206,
    "anterior_cingulate": 1.665334619655796e-17,
    "cerebellum": 0.1752104582885901,
    "amygdala": 0.5207855075597763
  },
  "gpt2": {
    "visual_cortex": 0.5569921016693116,
    "temporal_lobe": 1.4317160844802856,
    "parietal_lobe": 2.2798629999160767,
    "prefrontal_cortex": 3.3201719760894775,
    "hippocampus": 0.10244811028242111,
    "broca_area": 1.912796437740326,
    "wernicke_area": 0.10244810730218887,
    "anterior_cingulate": 3.532527877815806e-17,
    "cerebellum": 1.0010748940209546,
    "amygdala": 7.988142108917236
  },
  "gpt2-medium": {
    "visual_cortex": 1.074231004714966,
    "temporal_lobe": 2.2804858446121217,
    "parietal_lobe": 3.4012816190719604,
    "prefrontal_cortex": 5.3593920230865475,
    "hippocampus": 0.10244811028242111,
    "broca_area": 2.788978028297424,
    "wernicke_area": 0.10244810730218887,
    "anterior_cingulate": 7.457802533222444e-17,
    "cerebellum": 1.0368994414806365,
    "amygdala": 8.266701984405518
  },
  "gpt2-large": {
    "visual_cortex": 0.6160728991031647,
    "temporal_lobe": 1.2082242608070373,
    "parietal_lobe": 2.322880244255066,
    "prefrontal_cortex": 3.5953284025192263,
    "hippocampus": 0.1024481125175953,
    "broca_area": 1.7518314838409423,
    "wernicke_area": 0.1024481125175953,
    "anterior_cingulate": 1.3798487160541856e-17,
    "cerebellum": 0.5165136098033851,
    "amygdala": 0.7813638091087342
  },
  "microsoft/DialoGPT-small": {
    "visual_cortex": 0.5654866099357605,
    "temporal_lobe": 2.247436690330505,
    "parietal_lobe": 4.026612091064453,
    "prefrontal_cortex": 5.073316383361816,
    "hippocampus": 0.10244811028242111,
    "broca_area": 3.458912396430969,
    "wernicke_area": 0.10244810730218887,
    "anterior_cingulate": 3.532527894359418e-17,
    "cerebellum": 1.663174819449584,
    "amygdala": 17.83632698059082
  },
  "microsoft/DialoGPT-medium": {
    "visual_cortex": 1.4348501801490783,
    "temporal_lobe": 4.832260036468506,
    "parietal_lobe": 6.789531564712524,
    "prefrontal_cortex": 9.069892978668213,
    "hippocampus": 0.10244811028242111,
    "broca_area": 5.736178827285767,
    "wernicke_area": 0.10244810655713081,
    "anterior_cingulate": 7.192314430236677e-17,
    "cerebellum": 1.5952074237167833,
    "amygdala": 0.586277860403061
  },
  "microsoft/DialoGPT-large": {
    "visual_cortex": 1.151272225379944,
    "temporal_lobe": 2.5049260377883913,
    "parietal_lobe": 4.9317955493927,
    "prefrontal_cortex": 6.955335092544556,
    "hippocampus": 0.1024481125175953,
    "broca_area": 3.721044683456421,
    "wernicke_area": 0.1024481125175953,
    "anterior_cingulate": 1.586033000445975e-17,
    "cerebellum": 1.0525791127648618,
    "amygdala": 1.1381999492645263
  },
  "EleutherAI/gpt-neo-125M": {
    "visual_cortex": 1.9071072101593018,
    "temporal_lobe": 7.205514621734619,
    "parietal_lobe": 10.757460403442384,
    "prefrontal_cortex": 12.081631469726563,
    "hippocampus": 0.10244810730218887,
    "broca_area": 9.02097816467285,
    "wernicke_area": 0.10244810730218887,
    "anterior_cingulate": 3.3306691235063064e-17,
    "cerebellum": 4.628911885619163,
    "amygdala": 2.717787671089172
  },
  "EleutherAI/gpt-neo-1.3B": {
    "visual_cortex": 1.0148037195205688,
    "temporal_lobe": 2.196581244468689,
    "parietal_lobe": 3.8076234102249145,
    "prefrontal_cortex": 5.561599063873291,
    "hippocampus": 0.10244811028242111,
    "broca_area": 3.1667818307876585,
    "wernicke_area": 0.10244810655713081,
    "anterior_cingulate": 7.530208518420032e-17,
    "cerebellum": 1.3865135421355566,
    "amygdala": 2.194047784805298
  },
  "EleutherAI/gpt-neo-2.7B": {
    "visual_cortex": 1.037973701953888,