{
  "bert-base-uncased": {
    "visual_cortex": 0.47052979469299316,
    "temporal_lobe": 0.5309960186481476,
    "parietal_lobe": 0.549039751291275,
    "prefrontal_cortex": 0.49587376713752745,
    "hippocampus": 0.04611930549144745,
    "broca_area": 0.5344957768917084,
    "wernicke_area": 0.04611930437386036,
    "anterior_cingulate": 1.211152443138937e-17,
    "cerebellum": 0.23914387201269469,
    "amygdala": 0.5410804688930512
  },
  "bert-large-uncased": {
    "visual_cortex": 0.43634333908557893,
    "temporal_lobe": 0.4395217388868332,
    "parietal_lobe": 0.46894622445106504,
    "prefrontal_cortex": 0.4522428959608078,
    "hippocampus": 0.04611930772662163,
    "broca_area": 0.4615148097276688,
    "wernicke_area": 0.04611930474638939,
    "anterior_cingulate": 1.375711142086583e-17,
    "cerebellum": 0.19915512247631945,
    "amygdala": 0.48567613065242765
  },
  "distilbert-base-uncased": {
    "visual_cortex": 0.47919432520866395,
    "temporal_lobe": 0.4439055472612381,
    "parietal_lobe": 0.4407298892736435,
    "prefrontal_cortex": 0.41492350995540617,
    "hippocampus": 0.046119306981563565,
    "broca_area": 0.44335916340351106,
    "wernicke_area": 0.04611930437386036,
    "anterior_cingulate": 1.4988011428009654e-17,
    "cerebellum": 0.2555841691792011,
    "amygdala": 0.41829976737499236
  },
  "roberta-base": {
    "visual_cortex": 0.30707998275756837,
    "temporal_lobe": 0.3802791863679886,
    "parietal_lobe": 0.373833554983139,
    "prefrontal_cortex": 0.38185409307479856,
    "hippocampus": 0.04305413030087948,
    "broca_area": 0.36874094009399416,
    "wernicke_area": 0.04305412843823433,
    "anterior_cingulate": 7.56970266622078e-18,
    "cerebellum": 0.18376881033182146,
    "amygdala": 0.480707448720932
  },
  "roberta-large": {
    "visual_cortex": 0.5411071181297302,
    "temporal_lobe": 0.504556518793106,
    "parietal_lobe": 0.434200581908226,
    "prefrontal_cortex": 0.423374143242836,
    "hippocampus": 0.04305412955582142,
    "broca_area": 0.4416891515254974,
    "wernicke_area": 0.04305412843823433,
    "anterior_cingulate": 4.344350922767276e-18,
    "cerebellum": 0.2001663812125723,
    "amygdala": 0.9889083504676819
  },
  "albert-base-v2": {
    "visual_cortex": 0.688408225774765,
    "temporal_lobe": 0.6763606548309327,
    "parietal_lobe": 0.6601757645606995,
    "prefrontal_cortex": 0.6911715686321258,
    "hippocampus": 0.041942795366048814,
    "broca_area": 0.6585157036781311,
    "wernicke_area": 0.04194279294461012,
    "anterior_cingulate": 9.462128332775975e-18,
    "cerebellum": 0.3724872122208277,
    "amygdala": 1.2089213609695435
  },
  "albert-large-v2": {
    "visual_cortex": 0.4254636079072952,
    "temporal_lobe": 0.43815182745456693,
    "parietal_lobe": 0.42163710594177245,
    "prefrontal_cortex": 0.44973994195461275,
    "hippocampus": 0.041942795366048814,
    "broca_area": 0.42976270616054535,
    "wernicke_area": 0.04194279294461012,
    "anterior_cingulate": 9.050731089098492e-18,
    "cerebellum": 0.1817514714474479,
    "amygdala": 0.853591525554657
  },
  "microsoft/deberta-base": {
    "visual_cortex": 0.6413655638694763,
    "temporal_lobe": 0.6389947235584259,
    "parietal_lobe": 0.6174781918525696,
    "prefrontal_cortex": 0.5870381712913513,
    "hippocampus": 0.04305413030087948,
    "broca_area": 0.637532252073288,
    "wernicke_area": 0.04305412843823433,
    "anterior_cingulate": 7.56970266622078e-18,
    "cerebellum": 0.2974668415884177,
    "amygdala": 1.0117176294326782
  },
  "microsoft/deberta-large": {
    "visual_cortex": 0.7901156723499299,
    "temporal_lobe": 0.7399934113025666,
    "parietal_lobe": 0.7470752477645874,
    "prefrontal_cortex": 0.7198567986488342,
    "hippocampus": 0.04305412955582142,
    "broca_area": 0.749428790807724,
    "wernicke_area": 0.04305412843823433,
    "anterior_cingulate": 4.344350922767276e-18,
    "cerebellum": 0.2736392625917991,
    "amygdala": 0.8356234431266785
  },
  "distilroberta-base": {
    "visual_cortex": 0.23060788512229918,
    "temporal_lobe": 0.35457841157913206,
    "parietal_lobe": 0.34989007413387296,
    "prefrontal_cortex": 0.33620330691337585,
    "hippocampus": 0.04305413030087948,
    "broca_area": 0.3446603178977966,
    "wernicke_area": 0.04305412843823433,
    "anterior_cingulate": 8.326673015560919e-18,
    "cerebellum": 0.19352493310968083,
    "amygdala": 0.5183846771717071
  },
  "gpt2": {
    "visual_cortex": 0.5565968513488769,
    "temporal_lobe": 1.3219786882400513,
    "parietal_lobe": 2.1366175413131714,
    "prefrontal_cortex": 3.250205063819885,
    "hippocampus": 0.04721255823969841,
    "broca_area": 1.7343806028366089,
    "wernicke_area": 0.04721255637705326,
    "anterior_cingulate": 8.705158107512928e-18,
    "cerebellum": 1.0176888676981128,
    "amygdala": 7.786919403076172
  },
  "gpt2-medium": {
    "visual_cortex": 1.0970942378044128,
    "temporal_lobe": 2.1510555744171143,
    "parietal_lobe": 3.4229321479797363,
    "prefrontal_cortex": 5.434093570709228,
    "hippocampus": 0.04721255749464035,
    "broca_area": 2.733167266845703,
    "wernicke_area": 0.04721255600452423,
    "anterior_cingulate": 5.973482518805005e-18,
    "cerebellum": 1.096514886866013,
    "amygdala": 7.975752210617065
  },
  "gpt2-large": {
    "visual_cortex": 0.6177847445011139,
    "temporal_lobe": 1.2099326729774476,
    "parietal_lobe": 2.2986732482910157,
    "prefrontal_cortex": 3.5947041749954223,
    "hippocampus": 0.0472125593572855,
    "broca_area": 1.7033417224884033,
    "wernicke_area": 0.0472125593572855,
    "anterior_cingulate": 4.282289050332525e-18,
    "cerebellum": 0.5437030859705476,
    "amygdala": 0.8154870629310608
  },
  "microsoft/DialoGPT-small": {
    "visual_cortex": 0.550988695025444,
    "temporal_lobe": 1.6676023364067079,
    "parietal_lobe": 2.8776100158691404,
    "prefrontal_cortex": 3.930600571632385,
    "hippocampus": 0.04721255823969841,
    "broca_area": 2.3867812871932985,
    "wernicke_area": 0.04721255637705326,
    "anterior_cingulate": 8.326672932842858e-18,
    "cerebellum": 1.4817361225684484,
    "amygdala": 19.079167366027832
  },
  "microsoft/DialoGPT-medium": {
    "visual_cortex": 1.447076416015625,
    "temporal_lobe": 3.655256724357605,
    "parietal_lobe": 5.628645992279052,
    "prefrontal_cortex": 7.834977769851685,
    "hippocampus": 0.04721255749464035,
    "broca_area": 4.547882628440857,
    "wernicke_area": 0.04721255600452423,
    "anterior_cingulate": 5.9131443149909344e-18,
    "cerebellum": 1.5269996667901675,
    "amygdala": 0.6007703125476838
  },
  "microsoft/DialoGPT-large": {
    "visual_cortex": 1.133487296104431,
    "temporal_lobe": 2.272709321975708,
    "parietal_lobe": 4.554691505432129,
    "prefrontal_cortex": 6.485663986206054,
    "hippocampus": 0.0472125593572855,
    "broca_area": 3.3337976217269896,
    "wernicke_area": 0.0472125593572855,
    "anterior_cingulate": 4.282289050332525e-18,
    "cerebellum": 1.004345975153976,
    "amygdala": 1.2625694394111633
  },
  "EleutherAI/gpt-neo-125M": {
    "visual_cortex": 1.88173828125,
    "temporal_lobe": 7.0542699813842775,
    "parietal_lobe": 9.357200622558594,
    "prefrontal_cortex": 11.469297313690186,
    "hippocampus": 0.04721255823969841,
    "broca_area": 8.792020225524903,
    "wernicke_area": 0.04721255637705326,
    "anterior_cingulate": 7.69586437732446e-18,
    "cerebellum": 4.577243982752164,
    "amygdala": 2.786899995803833
  },
  "EleutherAI/gpt-neo-1.3B": {
    "visual_cortex": 1.0115165293216706,
    "temporal_lobe": 2.1657936811447143,
    "parietal_lobe": 3.6305708646774293,
    "prefrontal_cortex": 5.606833171844483,
    "hippocampus": 0.04721255749464035,
    "broca_area": 2.914058303833008,
    "wernicke_area": 0.04721255600452423,
    "anterior_cingulate": 6.2148353754203185e-18,
    "cerebellum": 1.426790605733792,
    "amygdala": 2.148970127105713
  },
  "EleutherAI/gpt-neo-2.7B": {
    "visual_cortex": 1.0237077832221986,