{
  "bert-base-uncased": {
    "visual_cortex": 0.4302599787712097,
    "temporal_lobe": 0.4627636194229126,
    "parietal_lobe": 0.48774235844612124,
    "prefrontal_cortex": 0.4331116169691086,
    "hippocampus": 0.09481531493365765,
    "broca_area": 0.47016896605491637,
    "wernicke_area": 0.09481531381607056,
    "anterior_cingulate": 1.4130111643612123e-17,
    "cerebellum": 0.22260646161933742,
    "amygdala": 0.5357859641313553
  },
  "bert-large-uncased": {
    "visual_cortex": 0.38274675905704497,
    "temporal_lobe": 0.3691076248884201,
    "parietal_lobe": 0.41163672506809235,
    "prefrontal_cortex": 0.4116335898637772,
    "hippocampus": 0.09481531530618667,
    "broca_area": 0.4040653437376022,
    "wernicke_area": 0.09481531418859959,
    "anterior_cingulate": 1.2550347220507325e-17,
    "cerebellum": 0.18407566404591003,
    "amygdala": 0.4812162071466446
  },
  "distilbert-base-uncased": {
    "visual_cortex": 0.4424135982990265,
    "temporal_lobe": 0.3948527455329895,
    "parietal_lobe": 0.39528617858886717,
    "prefrontal_cortex": 0.35231693983078005,
    "hippocampus": 0.09481531493365765,
    "broca_area": 0.39645618200302124,
    "wernicke_area": 0.09481531381607056,
    "anterior_cingulate": 1.0547119594206824e-17,
    "cerebellum": 0.23897953256964688,
    "amygdala": 0.4459991991519928
  },
  "roberta-base": {
    "visual_cortex": 0.27693130671977995,
    "temporal_lobe": 0.3314910739660263,
    "parietal_lobe": 0.32516621947288515,
    "prefrontal_cortex": 0.3307012528181076,
    "hippocampus": 0.09027917683124542,
    "broca_area": 0.31871684193611144,
    "wernicke_area": 0.09027917496860027,
    "anterior_cingulate": 1.5139405167005438e-17,
    "cerebellum": 0.1602708500499527,
    "amygdala": 0.4655864089727402
  },
  "roberta-large": {
    "visual_cortex": 0.4892019122838974,
    "temporal_lobe": 0.4473924458026886,
    "parietal_lobe": 0.37385502457618713,
    "prefrontal_cortex": 0.35893887281417847,
    "hippocampus": 0.09027917981147766,
    "broca_area": 0.3930279403924942,
    "wernicke_area": 0.09027917720377446,
    "anterior_cingulate": 3.4030749101805484e-17,
    "cerebellum": 0.18138579263662297,
    "amygdala": 0.9890985548496246
  },
  "albert-base-v2": {
    "visual_cortex": 0.6498524427413941,
    "temporal_lobe": 0.5906131267547607,
    "parietal_lobe": 0.5754127264022827,
    "prefrontal_cortex": 0.6006132125854492,
    "hippocampus": 0.09144230149686336,
    "broca_area": 0.5802112281322479,
    "wernicke_area": 0.09144230261445045,
    "anterior_cingulate": 2.8260222956352e-17,
    "cerebellum": 0.3139752065141996,
    "amygdala": 1.128234601020813
  },
  "albert-large-v2": {
    "visual_cortex": 0.3821157723665237,
    "temporal_lobe": 0.3816906839609146,
    "parietal_lobe": 0.35956727564334867,
    "prefrontal_cortex": 0.3865732729434967,
    "hippocampus": 0.09144229888916015,
    "broca_area": 0.3708664119243622,
    "wernicke_area": 0.09144229926168919,
    "anterior_cingulate": 3.7651041020457e-17,
    "cerebellum": 0.14448933318878213,
    "amygdala": 0.7812916040420532
  },
  "microsoft/deberta-base": {
    "visual_cortex": 0.5790258884429932,
    "temporal_lobe": 0.5632779419422149,
    "parietal_lobe": 0.543878710269928,
    "prefrontal_cortex": 0.5177554577589035,
    "hippocampus": 0.09027917683124542,
    "broca_area": 0.5689514636993408,
    "wernicke_area": 0.09027917422354222,
    "anterior_cingulate": 2.3718402349236267e-17,
    "cerebellum": 0.27226752005517485,
    "amygdala": 0.9578494668006897
  },
  "microsoft/deberta-large": {
    "visual_cortex": 0.7048204123973847,
    "temporal_lobe": 0.6434659540653229,
    "parietal_lobe": 0.6516230583190918,
    "prefrontal_cortex": 0.6265370666980743,
    "hippocampus": 0.0902791827917099,
    "broca_area": 0.6455431461334229,
    "wernicke_area": 0.09027917645871639,
    "anterior_cingulate": 5.599385694448846e-17,
    "cerebellum": 0.2505661553392807,
    "amygdala": 0.7759806513786316
  },
  "distilroberta-base": {
    "visual_cortex": 0.2117422953248024,
    "temporal_lobe": 0.3185045927762985,
    "parietal_lobe": 0.3028053641319275,
    "prefrontal_cortex": 0.29559947848320006,
    "hippocampus": 0.09027917534112931,
    "broca_area": 0.2958240807056427,
    "wernicke_area": 0.09027917496860027,
    "anterior_cingulate": 2.275957379152583e-17,
    "cerebellum": 0.17033589233954746,
    "amygdala": 0.5237110435962677
  },
  "gpt2": {
    "visual_cortex": 0.5470322370529175,
    "temporal_lobe": 1.421471357345581,
    "parietal_lobe": 2.2797194719314575,
    "prefrontal_cortex": 3.309468150138855,
    "hippocampus": 0.11390521265566349,
    "broca_area": 1.9105851531028748,
    "wernicke_area": 0.11390521079301834,
    "anterior_cingulate": 5.652044673988462e-17,
    "cerebellum": 0.9754437349736691,
    "amygdala": 8.411109113693238
  },
  "gpt2-medium": {
    "visual_cortex": 1.033518671989441,
    "temporal_lobe": 2.254986023902893,
    "parietal_lobe": 3.3982845544815063,
    "prefrontal_cortex": 5.343856620788574,
    "hippocampus": 0.11390521116554737,
    "broca_area": 2.764149713516235,
    "wernicke_area": 0.11390520930290222,
    "anterior_cingulate": 1.2308994769210511e-16,
    "cerebellum": 1.0102079007774594,
    "amygdala": 8.731867933273316
  },
  "gpt2-large": {
    "visual_cortex": 0.6002074778079987,
    "temporal_lobe": 1.1733603596687316,
    "parietal_lobe": 2.2825163125991823,
    "prefrontal_cortex": 3.526889419555664,
    "hippocampus": 0.11390521451830864,
    "broca_area": 1.7121019959449768,
    "wernicke_area": 0.11390521451830864,
    "anterior_cingulate": 1.7763569734035098e-17,
    "cerebellum": 0.4978499888132015,
    "amygdala": 0.8107382893562317
  },
  "microsoft/DialoGPT-small": {
    "visual_cortex": 0.5490358680486679,
    "temporal_lobe": 2.3036396861076356,
    "parietal_lobe": 4.186610722541809,
    "prefrontal_cortex": 5.215977358818054,
    "hippocampus": 0.11390521191060543,
    "broca_area": 3.5787553787231445,
    "wernicke_area": 0.11390521079301834,
    "anterior_cingulate": 4.440892164675075e-17,
    "cerebellum": 1.6608589256803197,
    "amygdala": 17.720748805999754
  },
  "microsoft/DialoGPT-medium": {
    "visual_cortex": 1.3915729641914367,
    "temporal_lobe": 4.993141555786133,
    "parietal_lobe": 7.02292799949646,
    "prefrontal_cortex": 9.231218671798706,
    "hippocampus": 0.11390521116554737,
    "broca_area": 5.944643354415893,
    "wernicke_area": 0.1139052078127861,
    "anterior_cingulate": 3.209992724149971e-17,
    "cerebellum": 1.591303466508786,
    "amygdala": 0.5956636965274811
  },
  "microsoft/DialoGPT-large": {
    "visual_cortex": 1.1020752847194673,
    "temporal_lobe": 2.42118524312973,
    "parietal_lobe": 4.908025121688842,
    "prefrontal_cortex": 6.884215402603149,
    "hippocampus": 0.11390521451830864,
    "broca_area": 3.6675072431564333,
    "wernicke_area": 0.11390521451830864,
    "anterior_cingulate": 1.5543123568979497e-17,
    "cerebellum": 1.0381975211203098,
    "amygdala": 1.1990692257881164
  },
  "EleutherAI/gpt-neo-125M": {
    "visual_cortex": 1.9093286037445067,
    "temporal_lobe": 7.231972599029541,
    "parietal_lobe": 11.132524967193604,
    "prefrontal_cortex": 12.651359939575196,
    "hippocampus": 0.11390521340072154,
    "broca_area": 9.061212158203125,
    "wernicke_area": 0.11390520930290222,
    "anterior_cingulate": 3.784851266935941e-17,
    "cerebellum": 4.731632156173388,
    "amygdala": 2.7018909454345703
  },
  "EleutherAI/gpt-neo-1.3B": {
    "visual_cortex": 1.0102852821350097,
    "temporal_lobe": 2.199002432823181,
    "parietal_lobe": 3.840426707267761,
    "prefrontal_cortex": 5.669815492630005,
    "hippocampus": 0.11390521042048932,
    "broca_area": 3.1984986782073976,
    "wernicke_area": 0.1139052078127861,
    "anterior_cingulate": 1.3515759172228267e-16,
    "cerebellum": 1.4037567729751266,
    "amygdala": 2.1708282470703124
  },
  "EleutherAI/gpt-neo-2.7B": {
    "visual_cortex": 1.023432546854019,