{
  "bert-base-uncased": {
    "visual_cortex": 0.47870742678642275,
    "temporal_lobe": 0.5338606238365173,
    "parietal_lobe": 0.5613615691661835,
    "prefrontal_cortex": 0.5206355392932892,
    "hippocampus": 0.01724477019160986,
    "broca_area": 0.5437446117401123,
    "wernicke_area": 0.017244769167155026,
    "anterior_cingulate": 1.9870469498829546e-18,
    "cerebellum": 0.24817594041426977,
    "amygdala": 0.5413586854934692
  },
  "bert-large-uncased": {
    "visual_cortex": 0.42980213463306427,
    "temporal_lobe": 0.4368109703063965,
    "parietal_lobe": 0.4760893166065216,
    "prefrontal_cortex": 0.46377181708812715,
    "hippocampus": 0.017244769260287285,
    "broca_area": 0.4605967789888382,
    "wernicke_area": 0.01724476832896471,
    "anterior_cingulate": 1.6291315960377286e-18,
    "cerebellum": 0.2026573638742169,
    "amygdala": 0.4790502905845642
  },
  "distilbert-base-uncased": {
    "visual_cortex": 0.4936493068933487,
    "temporal_lobe": 0.4674567371606827,
    "parietal_lobe": 0.46411319375038146,
    "prefrontal_cortex": 0.44593157172203063,
    "hippocampus": 0.01724477019160986,
    "broca_area": 0.47290319502353667,
    "wernicke_area": 0.017244769167155026,
    "anterior_cingulate": 2.1857516665847413e-18,
    "cerebellum": 0.27536143188675244,
    "amygdala": 0.4334304243326187
  },
  "roberta-base": {
    "visual_cortex": 0.301505970954895,
    "temporal_lobe": 0.3747441291809082,
    "parietal_lobe": 0.3761538177728653,
    "prefrontal_cortex": 0.3889414042234421,
    "hippocampus": 0.018097693007439374,
    "broca_area": 0.36848637759685515,
    "wernicke_area": 0.018097692262381317,
    "anterior_cingulate": 1.3246979665886364e-18,
    "cerebellum": 0.1856875903904438,
    "amygdala": 0.5065546065568924
  },
  "roberta-large": {
    "visual_cortex": 0.524625962972641,
    "temporal_lobe": 0.49399705827236173,
    "parietal_lobe": 0.4288287103176117,
    "prefrontal_cortex": 0.43179187178611755,
    "hippocampus": 0.01809769244864583,
    "broca_area": 0.4359369337558746,
    "wernicke_area": 0.018097691982984544,
    "anterior_cingulate": 8.145657980188643e-19,
    "cerebellum": 0.20085893397529916,
    "amygdala": 0.9888030767440796
  },
  "albert-base-v2": {
    "visual_cortex": 0.7065159678459167,
    "temporal_lobe": 0.7098862886428833,
    "parietal_lobe": 0.6943785965442657,
    "prefrontal_cortex": 0.7379198193550109,
    "hippocampus": 0.01714923344552517,
    "broca_area": 0.6967769086360931,
    "wernicke_area": 0.01714923242107034,
    "anterior_cingulate": 1.9870469498829546e-18,
    "cerebellum": 0.38945294643441836,
    "amygdala": 1.242848241329193
  },
  "albert-large-v2": {
    "visual_cortex": 0.43656317591667176,
    "temporal_lobe": 0.4537006437778473,
    "parietal_lobe": 0.43493835926055907,
    "prefrontal_cortex": 0.46659436225891116,
    "hippocampus": 0.01714923270046711,
    "broca_area": 0.44449256360530853,
    "wernicke_area": 0.017149232141673566,
    "anterior_cingulate": 1.086087730691819e-18,
    "cerebellum": 0.22508169009039797,
    "amygdala": 0.8755616664886474
  },
  "microsoft/deberta-base": {
    "visual_cortex": 0.6420585751533509,
    "temporal_lobe": 0.6428158402442932,
    "parietal_lobe": 0.6184223294258118,
    "prefrontal_cortex": 0.6070227801799775,
    "hippocampus": 0.018097693007439374,
    "broca_area": 0.6356683671474457,
    "wernicke_area": 0.018097692262381317,
    "anterior_cingulate": 1.3246979665886364e-18,
    "cerebellum": 0.31051105707883836,
    "amygdala": 1.032064437866211
  },
  "microsoft/deberta-large": {
    "visual_cortex": 0.8095753729343415,
    "temporal_lobe": 0.7732027173042297,
    "parietal_lobe": 0.7601312577724457,
    "prefrontal_cortex": 0.7438860774040222,
    "hippocampus": 0.01809769244864583,
    "broca_area": 0.7835817933082581,
    "wernicke_area": 0.018097691982984544,
    "anterior_cingulate": 8.145657980188643e-19,
    "cerebellum": 0.2889765773589413,
    "amygdala": 0.8616401731967926
  },
  "distilroberta-base": {
    "visual_cortex": 0.22630083560943604,
    "temporal_lobe": 0.3510149598121643,
    "parietal_lobe": 0.3537929892539978,
    "prefrontal_cortex": 0.3523857623338699,
    "hippocampus": 0.018097693007439374,
    "broca_area": 0.34475416541099546,
    "wernicke_area": 0.018097692262381317,
    "anterior_cingulate": 1.4571677777231608e-18,
    "cerebellum": 0.19796739568312965,
    "amygdala": 0.5330338835716247
  },
  "gpt2": {
    "visual_cortex": 0.5140532493591309,
    "temporal_lobe": 1.1798155665397645,
    "parietal_lobe": 1.9312040209770203,
    "prefrontal_cortex": 3.2394357681274415,
    "hippocampus": 0.01886563077569008,
    "broca_area": 1.5333033442497253,
    "wernicke_area": 0.01886563003063202,
    "anterior_cingulate": 1.3246979665886364e-18,
    "cerebellum": 1.0510996324320634,
    "amygdala": 9.472766971588134
  },
  "gpt2-medium": {
    "visual_cortex": 1.0205173075199128,
    "temporal_lobe": 1.8905412912368775,
    "parietal_lobe": 3.154162812232971,
    "prefrontal_cortex": 5.598320960998535,
    "hippocampus": 0.018865630496293306,
    "broca_area": 2.442406511306763,
    "wernicke_area": 0.018865629844367505,
    "anterior_cingulate": 1.176595041582804e-18,
    "cerebellum": 1.1418197222054005,
    "amygdala": 9.619846153259278
  },
  "gpt2-large": {
    "visual_cortex": 0.5369924604892731,
    "temporal_lobe": 1.035663652420044,
    "parietal_lobe": 2.117363953590393,
    "prefrontal_cortex": 3.7198925971984864,
    "hippocampus": 0.018865631055086853,
    "broca_area": 1.4911426544189452,
    "wernicke_area": 0.018865631055086853,
    "anterior_cingulate": 1.1597866177983923e-18,
    "cerebellum": 0.5552109845810467,
    "amygdala": 0.8379329025745392
  },
  "microsoft/DialoGPT-small": {
    "visual_cortex": 0.507489824295044,
    "temporal_lobe": 1.3170868039131165,
    "parietal_lobe": 2.303531765937805,
    "prefrontal_cortex": 3.516926956176758,
    "hippocampus": 0.01886563077569008,
    "broca_area": 1.8036307096481323,
    "wernicke_area": 0.01886563003063202,
    "anterior_cingulate": 1.3246979665886364e-18,
    "cerebellum": 1.4329263096054397,
    "amygdala": 20.750092887878417
  },
  "microsoft/DialoGPT-medium": {
    "visual_cortex": 1.2126402378082275,
    "temporal_lobe": 2.759303426742554,
    "parietal_lobe": 4.90293254852295,
    "prefrontal_cortex": 7.367263650894165,
    "hippocampus": 0.018865630496293306,
    "broca_area": 3.727238917350769,
    "wernicke_area": 0.018865629844367505,
    "anterior_cingulate": 1.176595041582804e-18,
    "cerebellum": 1.5289289039870102,
    "amygdala": 0.5963288366794586
  },
  "microsoft/DialoGPT-large": {
    "visual_cortex": 0.9959260404109955,
    "temporal_lobe": 1.9382797718048095,
    "parietal_lobe": 4.31295371055603,
    "prefrontal_cortex": 6.547063207626342,
    "hippocampus": 0.018865631055086853,
    "broca_area": 2.919190192222595,
    "wernicke_area": 0.018865631055086853,
    "anterior_cingulate": 1.1597866177983923e-18,
    "cerebellum": 1.013508925255802,
    "amygdala": 1.9742034673690796
  },
  "EleutherAI/gpt-neo-125M": {
    "visual_cortex": 1.7752158880233764,
    "temporal_lobe": 6.89751672744751,
    "parietal_lobe": 8.33774766921997,
    "prefrontal_cortex": 10.754122066497803,
    "hippocampus": 0.01886563077569008,
    "broca_area": 8.678769874572755,
    "wernicke_area": 0.01886563003063202,
    "anterior_cingulate": 1.3246979665886364e-18,
    "cerebellum": 4.423046214381854,
    "amygdala": 2.7200262784957885
  },
  "EleutherAI/gpt-neo-1.3B": {
    "visual_cortex": 0.9050432920455933,
    "temporal_lobe": 1.9811824202537536,
    "parietal_lobe": 3.2935466051101683,
    "prefrontal_cortex": 5.52726640701294,
    "hippocampus": 0.018865630496293306,
    "broca_area": 2.5719535827636717,
    "wernicke_area": 0.018865629844367505,
    "anterior_cingulate": 1.176595041582804e-18,
    "cerebellum": 1.3905006437251966,
    "amygdala": 2.227375602722168
  },