{
  "bert-base-uncased": {
    "visual_cortex": 0.49406613409519196,
    "temporal_lobe": 0.5904551684856415,
    "parietal_lobe": 0.6097537577152252,
    "prefrontal_cortex": 0.59078409075737,
    "hippocampus": 0.009119216445833444,
    "broca_area": 0.594630366563797,
    "wernicke_area": 0.00911921625956893,
    "anterior_cingulate": 1.892425666555195e-19,
    "cerebellum": 0.2643756368507941,
    "amygdala": 0.5458316385746003
  },
  "bert-large-uncased": {
    "visual_cortex": 0.459636914730072,
    "temporal_lobe": 0.48346138894557955,
    "parietal_lobe": 0.5354049444198609,
    "prefrontal_cortex": 0.5417262315750122,
    "hippocampus": 0.00911921625956893,
    "broca_area": 0.5256738603115082,
    "wernicke_area": 0.00911921625956893,
    "anterior_cingulate": 0.0,
    "cerebellum": 0.21874913846453028,
    "amygdala": 0.5168380796909332
  },
  "distilbert-base-uncased": {
    "visual_cortex": 0.49290362298488616,
    "temporal_lobe": 0.5034411728382111,
    "parietal_lobe": 0.5058100163936615,
    "prefrontal_cortex": 0.5222054660320282,
    "hippocampus": 0.009119216445833444,
    "broca_area": 0.5213497757911683,
    "wernicke_area": 0.00911921625956893,
    "anterior_cingulate": 2.0816682538902298e-19,
    "cerebellum": 0.3055193394422532,
    "amygdala": 0.43748133480548856
  },
  "roberta-base": {
    "visual_cortex": 0.3277407705783844,
    "temporal_lobe": 0.4185255587100983,
    "parietal_lobe": 0.43270559310913087,
    "prefrontal_cortex": 0.45537111163139343,
    "hippocampus": 0.011197014153003693,
    "broca_area": 0.4216347515583038,
    "wernicke_area": 0.011197013780474663,
    "anterior_cingulate": 3.78485133311039e-19,
    "cerebellum": 0.2136628804107507,
    "amygdala": 0.5018909126520157
  },
  "roberta-large": {
    "visual_cortex": 0.565973299741745,
    "temporal_lobe": 0.5339562475681305,
    "parietal_lobe": 0.5069348394870759,
    "prefrontal_cortex": 0.5315852224826813,
    "hippocampus": 0.011197013966739177,
    "broca_area": 0.48732186257839205,
    "wernicke_area": 0.011197013687342406,
    "anterior_cingulate": 2.7152193267295477e-19,
    "cerebellum": 0.21912228589256602,
    "amygdala": 0.9885877728462219
  },
  "albert-base-v2": {
    "visual_cortex": 0.7724260747432709,
    "temporal_lobe": 0.8160762965679169,
    "parietal_lobe": 0.7867013514041901,
    "prefrontal_cortex": 0.8371812164783478,
    "hippocampus": 0.008656385354697704,
    "broca_area": 0.7845481157302856,
    "wernicke_area": 0.008656385261565447,
    "anterior_cingulate": 9.462128332775975e-20,
    "cerebellum": 0.4527576267719269,
    "amygdala": 1.3181912422180175
  },
  "albert-large-v2": {
    "visual_cortex": 0.4868834376335144,
    "temporal_lobe": 0.5075407207012177,
    "parietal_lobe": 0.4926278442144394,
    "prefrontal_cortex": 0.5340828001499176,
    "hippocampus": 0.008656385540962219,
    "broca_area": 0.49619831144809723,
    "wernicke_area": 0.008656385354697704,
    "anterior_cingulate": 1.8101462178196984e-19,
    "cerebellum": 0.27160806382695835,
    "amygdala": 0.9231043994426728
  },
  "microsoft/deberta-base": {
    "visual_cortex": 0.693451601266861,
    "temporal_lobe": 0.7052735686302185,
    "parietal_lobe": 0.7081371307373047,
    "prefrontal_cortex": 0.6953748345375061,
    "hippocampus": 0.011197014153003693,
    "broca_area": 0.7203262507915497,
    "wernicke_area": 0.011197013780474663,
    "anterior_cingulate": 3.78485133311039e-19,
    "cerebellum": 0.3434306641419728,
    "amygdala": 0.9757133781909942
  },
  "microsoft/deberta-large": {
    "visual_cortex": 0.8584600031375885,
    "temporal_lobe": 0.8315867483615875,
    "parietal_lobe": 0.8569897055625916,
    "prefrontal_cortex": 0.8533955872058868,
    "hippocampus": 0.011197013966739177,
    "broca_area": 0.8547773480415344,
    "wernicke_area": 0.011197013687342406,
    "anterior_cingulate": 2.7152193267295477e-19,
    "cerebellum": 0.30813800978163874,
    "amygdala": 0.893037474155426
  },
  "distilroberta-base": {
    "visual_cortex": 0.24383197128772735,
    "temporal_lobe": 0.3859765022993088,
    "parietal_lobe": 0.40173114836215973,
    "prefrontal_cortex": 0.3961136430501938,
    "hippocampus": 0.011197014153003693,
    "broca_area": 0.3860781669616699,
    "wernicke_area": 0.011197013780474663,
    "anterior_cingulate": 4.1633365077804595e-19,
    "cerebellum": 0.22560721735159556,
    "amygdala": 0.5204670310020447
  },
  "gpt2": {
    "visual_cortex": 0.5543805360794067,
    "temporal_lobe": 1.2961126446723938,
    "parietal_lobe": 2.134442186355591,
    "prefrontal_cortex": 3.2618332862854005,
    "hippocampus": 0.011453771218657493,
    "broca_area": 1.7221529960632325,
    "wernicke_area": 0.011453770659863948,
    "anterior_cingulate": 5.677276999665585e-19,
    "cerebellum": 1.0963899311920007,
    "amygdala": 8.27609634399414
  },
  "gpt2-medium": {
    "visual_cortex": 1.1373702764511109,
    "temporal_lobe": 2.248318982124329,
    "parietal_lobe": 3.7733194828033447,
    "prefrontal_cortex": 5.661996126174927,
    "hippocampus": 0.011453770752996206,
    "broca_area": 3.0233346700668333,
    "wernicke_area": 0.011453770287334918,
    "anterior_cingulate": 4.525365544549246e-19,
    "cerebellum": 1.2185291122645139,
    "amygdala": 9.035134315490723
  },
  "gpt2-large": {
    "visual_cortex": 0.6641857385635376,
    "temporal_lobe": 1.4117280125617981,
    "parietal_lobe": 2.4579177856445313,
    "prefrontal_cortex": 3.408906173706055,
    "hippocampus": 0.011453771032392979,
    "broca_area": 1.9563537955284118,
    "wernicke_area": 0.011453771032392979,
    "anterior_cingulate": 4.460717760763047e-19,
    "cerebellum": 0.571849045654138,
    "amygdala": 1.063771116733551
  },
  "microsoft/DialoGPT-small": {
    "visual_cortex": 0.554640257358551,
    "temporal_lobe": 1.3376158118247985,
    "parietal_lobe": 2.1213352918624877,
    "prefrontal_cortex": 3.245114636421204,
    "hippocampus": 0.011453771218657493,
    "broca_area": 1.7459585070610046,
    "wernicke_area": 0.011453770659863948,
    "anterior_cingulate": 5.677276999665585e-19,
    "cerebellum": 1.4028615226348242,
    "amygdala": 19.87335071563721
  },
  "microsoft/DialoGPT-medium": {
    "visual_cortex": 1.3951508402824402,
    "temporal_lobe": 2.8773287534713745,
    "parietal_lobe": 4.725052356719971,
    "prefrontal_cortex": 7.203512954711914,
    "hippocampus": 0.011453770752996206,
    "broca_area": 3.7117223739624023,
    "wernicke_area": 0.011453770287334918,
    "anterior_cingulate": 4.525365544549246e-19,
    "cerebellum": 1.5844889710346857,
    "amygdala": 0.5963701665401459
  },
  "microsoft/DialoGPT-large": {
    "visual_cortex": 1.1363835453987121,
    "temporal_lobe": 2.109468770027161,
    "parietal_lobe": 3.801372766494751,
    "prefrontal_cortex": 5.9492330074310305,
    "hippocampus": 0.011453771032392979,
    "broca_area": 2.888656806945801,
    "wernicke_area": 0.011453771032392979,
    "anterior_cingulate": 4.460717760763047e-19,
    "cerebellum": 1.004908278087775,
    "amygdala": 1.171880853176117
  },
  "EleutherAI/gpt-neo-125M": {
    "visual_cortex": 1.7435881614685058,
    "temporal_lobe": 6.881181430816651,
    "parietal_lobe": 8.236251163482667,
    "prefrontal_cortex": 10.817297649383544,
    "hippocampus": 0.011453771218657493,
    "broca_area": 8.85137586593628,
    "wernicke_area": 0.011453770659863948,
    "anterior_cingulate": 5.677276999665585e-19,
    "cerebellum": 4.675945470730464,
    "amygdala": 3.096665453910828
  },
  "EleutherAI/gpt-neo-1.3B": {
    "visual_cortex": 0.9579218685626983,
    "temporal_lobe": 2.1742607831954954,
    "parietal_lobe": 3.5960782527923585,
    "prefrontal_cortex": 5.593569135665893,
    "hippocampus": 0.011453770752996206,
    "broca_area": 2.8896576881408693,
    "wernicke_area": 0.011453770287334918,
    "anterior_cingulate": 4.525365544549246e-19,
    "cerebellum": 1.5146047331392767,
    "amygdala": 2.1627339124679565
  },