{
  "bert-base-uncased": {
    "visual_cortex": 0.4705312728881836,
    "temporal_lobe": 0.522130036354065,
    "parietal_lobe": 0.547449243068695,
    "prefrontal_cortex": 0.5086431950330734,
    "hippocampus": 0.028349514491856097,
    "broca_area": 0.5290159165859223,
    "wernicke_area": 0.028349513374269008,
    "anterior_cingulate": 2.270910799866234e-18,
    "cerebellum": 0.23846267486612,
    "amygdala": 0.5317657768726349
  },
  "bert-large-uncased": {
    "visual_cortex": 0.42755718529224396,
    "temporal_lobe": 0.4312691330909729,
    "parietal_lobe": 0.4662455409765244,
    "prefrontal_cortex": 0.4553619295358658,
    "hippocampus": 0.028349513933062554,
    "broca_area": 0.45722184181213377,
    "wernicke_area": 0.028349513188004494,
    "anterior_cingulate": 1.4481169742557587e-18,
    "cerebellum": 0.19861258392532663,
    "amygdala": 0.4878824770450592
  },
  "distilbert-base-uncased": {
    "visual_cortex": 0.4832571893930435,
    "temporal_lobe": 0.44547674655914304,
    "parietal_lobe": 0.4379093170166016,
    "prefrontal_cortex": 0.427299889922142,
    "hippocampus": 0.028349514491856097,
    "broca_area": 0.44581848084926606,
    "wernicke_area": 0.028349513374269008,
    "anterior_cingulate": 2.4980019046682757e-18,
    "cerebellum": 0.26021785090367,
    "amygdala": 0.41970295608043673
  },
  "roberta-base": {
    "visual_cortex": 0.3043911218643188,
    "temporal_lobe": 0.3726081639528275,
    "parietal_lobe": 0.37051842212677,
    "prefrontal_cortex": 0.3752091646194458,
    "hippocampus": 0.02661950923502445,
    "broca_area": 0.36126204431056974,
    "wernicke_area": 0.026619508303701876,
    "anterior_cingulate": 1.892425666555195e-18,
    "cerebellum": 0.17795525590578715,
    "amygdala": 0.49809839725494387
  },
  "roberta-large": {
    "visual_cortex": 0.534367835521698,
    "temporal_lobe": 0.49672234058380127,
    "parietal_lobe": 0.42943530082702636,
    "prefrontal_cortex": 0.42281594276428225,
    "hippocampus": 0.026619508676230908,
    "broca_area": 0.4329330563545227,
    "wernicke_area": 0.026619508117437362,
    "anterior_cingulate": 1.086087730691819e-18,
    "cerebellum": 0.19714669343084096,
    "amygdala": 0.9888353824615479
  },
  "albert-base-v2": {
    "visual_cortex": 0.6863763570785523,
    "temporal_lobe": 0.6603192150592804,
    "parietal_lobe": 0.6358560621738434,
    "prefrontal_cortex": 0.6824552357196808,
    "hippocampus": 0.0279980955645442,
    "broca_area": 0.6388418674468994,
    "wernicke_area": 0.027998094074428083,
    "anterior_cingulate": 3.78485133311039e-18,
    "cerebellum": 0.370646296069026,
    "amygdala": 1.2219354152679442
  },
  "albert-large-v2": {
    "visual_cortex": 0.4222718209028244,
    "temporal_lobe": 0.42891362607479094,
    "parietal_lobe": 0.41002259850502015,
    "prefrontal_cortex": 0.445818230509758,
    "hippocampus": 0.027998094633221626,
    "broca_area": 0.4212161600589752,
    "wernicke_area": 0.027998093329370023,
    "anterior_cingulate": 3.258263192075457e-18,
    "cerebellum": 0.21634391037126383,
    "amygdala": 0.8698808312416076
  },
  "microsoft/deberta-base": {
    "visual_cortex": 0.6435250222682953,
    "temporal_lobe": 0.6336819052696228,
    "parietal_lobe": 0.6095578908920288,
    "prefrontal_cortex": 0.5990297198295593,
    "hippocampus": 0.02661950923502445,
    "broca_area": 0.625324159860611,
    "wernicke_area": 0.026619508303701876,
    "anterior_cingulate": 1.892425666555195e-18,
    "cerebellum": 0.3006706463793914,
    "amygdala": 1.0091135382652283
  },
  "microsoft/deberta-large": {
    "visual_cortex": 0.7999939739704132,
    "temporal_lobe": 0.7563942253589631,
    "parietal_lobe": 0.7454507350921631,
    "prefrontal_cortex": 0.7216048300266266,
    "hippocampus": 0.026619508676230908,
    "broca_area": 0.7625573456287384,
    "wernicke_area": 0.026619508117437362,
    "anterior_cingulate": 1.086087730691819e-18,
    "cerebellum": 0.27939035519957545,
    "amygdala": 0.8428615510463715
  },
  "distilroberta-base": {
    "visual_cortex": 0.22861172407865524,
    "temporal_lobe": 0.3503039121627808,
    "parietal_lobe": 0.3465113162994385,
    "prefrontal_cortex": 0.3378131866455078,
    "hippocampus": 0.02661950923502445,
    "broca_area": 0.33837020099163057,
    "wernicke_area": 0.026619508303701876,
    "anterior_cingulate": 2.0816682538902298e-18,
    "cerebellum": 0.19036453987161323,
    "amygdala": 0.5257007539272308
  },
  "gpt2": {
    "visual_cortex": 0.530741548538208,
    "temporal_lobe": 1.225433385372162,
    "parietal_lobe": 1.9713838338851928,
    "prefrontal_cortex": 3.15074200630188,
    "hippocampus": 0.028246024623513222,
    "broca_area": 1.5884984016418457,
    "wernicke_area": 0.02824602331966162,
    "anterior_cingulate": 4.163336466421429e-18,
    "cerebellum": 1.004438433299462,
    "amygdala": 8.788472652435303
  },
  "gpt2-medium": {
    "visual_cortex": 1.0494732499122619,
    "temporal_lobe": 1.9786063313484192,
    "parietal_lobe": 3.187585186958313,
    "prefrontal_cortex": 5.41625189781189,
    "hippocampus": 0.028246024064719676,
    "broca_area": 2.524809646606445,
    "wernicke_area": 0.028246022947132587,
    "anterior_cingulate": 2.8962339485115175e-18,
    "cerebellum": 1.0934421204030513,
    "amygdala": 9.041588497161865
  },
  "gpt2-large": {
    "visual_cortex": 0.5699779331684113,
    "temporal_lobe": 1.1045873403549193,
    "parietal_lobe": 2.1734546422958374,
    "prefrontal_cortex": 3.6361672401428224,
    "hippocampus": 0.028246024437248708,
    "broca_area": 1.5654407024383545,
    "wernicke_area": 0.028246024437248708,
    "anterior_cingulate": 3.211716787749394e-18,
    "cerebellum": 0.5390270168996519,
    "amygdala": 0.7902592182159424
  },
  "microsoft/DialoGPT-small": {
    "visual_cortex": 0.5403517842292785,
    "temporal_lobe": 1.4542177319526672,
    "parietal_lobe": 2.4822723388671877,
    "prefrontal_cortex": 3.5938302755355833,
    "hippocampus": 0.028246024623513222,
    "broca_area": 2.037333941459656,
    "wernicke_area": 0.02824602331966162,
    "anterior_cingulate": 4.163336466421429e-18,
    "cerebellum": 1.4236279184619587,
    "amygdala": 20.156630516052246
  },
  "microsoft/DialoGPT-medium": {
    "visual_cortex": 1.3087855100631713,
    "temporal_lobe": 3.0814446687698362,
    "parietal_lobe": 5.093977594375611,
    "prefrontal_cortex": 7.386388492584229,
    "hippocampus": 0.028246024064719676,
    "broca_area": 3.9980767011642455,
    "wernicke_area": 0.028246022947132587,
    "anterior_cingulate": 2.8962339485115175e-18,
    "cerebellum": 1.495287749916315,
    "amygdala": 0.5901890754699707
  },
  "microsoft/DialoGPT-large": {
    "visual_cortex": 1.0658284068107604,
    "temporal_lobe": 2.1419048428535463,
    "parietal_lobe": 4.448154783248901,
    "prefrontal_cortex": 6.488776636123657,
    "hippocampus": 0.028246024437248708,
    "broca_area": 3.1580572605133055,
    "wernicke_area": 0.028246024437248708,
    "anterior_cingulate": 3.211716787749394e-18,
    "cerebellum": 1.003090428809325,
    "amygdala": 1.5803751707077027
  },
  "EleutherAI/gpt-neo-125M": {
    "visual_cortex": 1.8113091588020325,
    "temporal_lobe": 6.927283239364624,
    "parietal_lobe": 8.595844745635986,
    "prefrontal_cortex": 10.76613655090332,
    "hippocampus": 0.028246024623513222,
    "broca_area": 8.643802738189697,
    "wernicke_area": 0.02824602331966162,
    "anterior_cingulate": 4.163336466421429e-18,
    "cerebellum": 4.40042929649353,
    "amygdala": 2.7294199228286744
  },
  "EleutherAI/gpt-neo-1.3B": {
    "visual_cortex": 0.9440720915794373,
    "temporal_lobe": 2.030952978134155,
    "parietal_lobe": 3.371045708656311,
    "prefrontal_cortex": 5.492960786819458,
    "hippocampus": 0.028246024064719676,
    "broca_area": 2.660404849052429,
    "wernicke_area": 0.028246022947132587,
    "anterior_cingulate": 2.8962339485115175e-18,
    "cerebellum": 1.3908119815091293,
    "amygdala": 2.228720259666443
  },