{
  "bert-base-uncased": {
    "visual_cortex": 0.46114085614681244,
    "temporal_lobe": 0.5082489728927613,
    "parietal_lobe": 0.5324753403663636,
    "prefrontal_cortex": 0.4954604864120483,
    "hippocampus": 0.06393009945750236,
    "broca_area": 0.5121293008327484,
    "wernicke_area": 0.06393009833991528,
    "anterior_cingulate": 2.3970724778826892e-17,
    "cerebellum": 0.23978052784999213,
    "amygdala": 0.5465144753456116
  },
  "bert-large-uncased": {
    "visual_cortex": 0.4182992488145828,
    "temporal_lobe": 0.4242361098527908,
    "parietal_lobe": 0.4529000610113144,
    "prefrontal_cortex": 0.44806385040283203,
    "hippocampus": 0.06393010020256043,
    "broca_area": 0.4573724538087845,
    "wernicke_area": 0.06393009647727013,
    "anterior_cingulate": 2.1661417247542682e-17,
    "cerebellum": 0.20221058080593743,
    "amygdala": 0.4980746299028397
  },
  "distilbert-base-uncased": {
    "visual_cortex": 0.4766604363918304,
    "temporal_lobe": 0.43219972848892213,
    "parietal_lobe": 0.43233197629451753,
    "prefrontal_cortex": 0.41127900779247284,
    "hippocampus": 0.06393010094761849,
    "broca_area": 0.43041462302207945,
    "wernicke_area": 0.06393009759485721,
    "anterior_cingulate": 2.747802140630037e-17,
    "cerebellum": 0.252998410910368,
    "amygdala": 0.4412436306476593
  },
  "roberta-base": {
    "visual_cortex": 0.298678982257843,
    "temporal_lobe": 0.36310993134975433,
    "parietal_lobe": 0.351856529712677,
    "prefrontal_cortex": 0.36229026019573213,
    "hippocampus": 0.06507598496973514,
    "broca_area": 0.3494071394205093,
    "wernicke_area": 0.06507598310709,
    "anterior_cingulate": 1.3625464633761281e-17,
    "cerebellum": 0.17685830903549987,
    "amygdala": 0.47835613787174225
  },
  "roberta-large": {
    "visual_cortex": 0.5267965614795684,
    "temporal_lobe": 0.49240072071552277,
    "parietal_lobe": 0.40731981098651887,
    "prefrontal_cortex": 0.39845001697540283,
    "hippocampus": 0.0650759857147932,
    "broca_area": 0.420871365070343,
    "wernicke_area": 0.0650759819895029,
    "anterior_cingulate": 3.481514625286665e-17,
    "cerebellum": 0.19450387389709553,
    "amygdala": 0.9889493882656097
  },
  "albert-base-v2": {
    "visual_cortex": 0.6721508026123046,
    "temporal_lobe": 0.6297880172729492,
    "parietal_lobe": 0.6071978032588958,
    "prefrontal_cortex": 0.6379161596298217,
    "hippocampus": 0.0642122246325016,
    "broca_area": 0.6079664647579193,
    "wernicke_area": 0.06421222276985646,
    "anterior_cingulate": 1.4130111147303754e-17,
    "cerebellum": 0.33722547094027205,
    "amygdala": 1.1704431295394897
  },
  "albert-large-v2": {
    "visual_cortex": 0.40870810449123385,
    "temporal_lobe": 0.4113580882549286,
    "parietal_lobe": 0.3842718303203583,
    "prefrontal_cortex": 0.41248958706855776,
    "hippocampus": 0.06421222351491451,
    "broca_area": 0.4009577423334122,
    "wernicke_area": 0.06421222127974033,
    "anterior_cingulate": 1.1162568910184852e-17,
    "cerebellum": 0.15289793902387222,
    "amygdala": 0.829054468870163
  },
  "microsoft/deberta-base": {
    "visual_cortex": 0.6321467578411102,
    "temporal_lobe": 0.6176983833312988,
    "parietal_lobe": 0.5808082759380341,
    "prefrontal_cortex": 0.5616030156612396,
    "hippocampus": 0.06507598347961903,
    "broca_area": 0.6043561935424805,
    "wernicke_area": 0.06507598310709,
    "anterior_cingulate": 1.0092936722858251e-17,
    "cerebellum": 0.2920787663509448,
    "amygdala": 0.9655547618865967
  },
  "microsoft/deberta-large": {
    "visual_cortex": 0.7610155940055847,
    "temporal_lobe": 0.7063337564468384,
    "parietal_lobe": 0.7049606561660766,
    "prefrontal_cortex": 0.6813459455966949,
    "hippocampus": 0.0650759857147932,
    "broca_area": 0.7100651443004609,
    "wernicke_area": 0.0650759819895029,
    "anterior_cingulate": 3.596157214084363e-17,
    "cerebellum": 0.26449217293411487,
    "amygdala": 0.8032525539398193
  },
  "distilroberta-base": {
    "visual_cortex": 0.22501991391181947,
    "temporal_lobe": 0.3443179398775101,
    "parietal_lobe": 0.3359798014163971,
    "prefrontal_cortex": 0.3281830847263336,
    "hippocampus": 0.0650759819895029,
    "broca_area": 0.33138648271560667,
    "wernicke_area": 0.06507598273456097,
    "anterior_cingulate": 1.3045121622952191e-17,
    "cerebellum": 0.1904706055919329,
    "amygdala": 0.5201335996389389
  },
  "gpt2": {
    "visual_cortex": 0.5556756973266601,
    "temporal_lobe": 1.3695355772972106,
    "parietal_lobe": 2.2190085887908935,
    "prefrontal_cortex": 3.3360214471817016,
    "hippocampus": 0.07587571367621422,
    "broca_area": 1.8170433402061463,
    "wernicke_area": 0.07587571367621422,
    "anterior_cingulate": 2.4727695541757338e-17,
    "cerebellum": 1.0445913083851337,
    "amygdala": 8.346871900558472
  },
  "gpt2-medium": {
    "visual_cortex": 1.0827204823493957,
    "temporal_lobe": 2.216374707221985,
    "parietal_lobe": 3.402874779701233,
    "prefrontal_cortex": 5.433461427688599,
    "hippocampus": 0.07587571181356907,
    "broca_area": 2.7408061981201173,
    "wernicke_area": 0.07587571032345294,
    "anterior_cingulate": 1.1584935835405101e-17,
    "cerebellum": 1.0821690166989963,
    "amygdala": 8.702856731414794
  },
  "gpt2-large": {
    "visual_cortex": 0.6081871867179871,
    "temporal_lobe": 1.1798145532608033,
    "parietal_lobe": 2.284664487838745,
    "prefrontal_cortex": 3.6143146276474,
    "hippocampus": 0.07587571442127228,
    "broca_area": 1.698027539253235,
    "wernicke_area": 0.07587571442127228,
    "anterior_cingulate": 1.0309214364346086e-17,
    "cerebellum": 0.5380522025128206,
    "amygdala": 0.8027416586875915
  },
  "microsoft/DialoGPT-small": {
    "visual_cortex": 0.5502769649028778,
    "temporal_lobe": 1.9595918536186219,
    "parietal_lobe": 3.480351996421814,
    "prefrontal_cortex": 4.4910712242126465,
    "hippocampus": 0.07587571293115616,
    "broca_area": 2.9628517389297486,
    "wernicke_area": 0.0758757121860981,
    "anterior_cingulate": 1.7662639554515153e-17,
    "cerebellum": 1.572018531461557,
    "amygdala": 18.15499801635742
  },
  "microsoft/DialoGPT-medium": {
    "visual_cortex": 1.385934865474701,
    "temporal_lobe": 4.239132976531982,
    "parietal_lobe": 6.206187009811401,
    "prefrontal_cortex": 8.444925546646118,
    "hippocampus": 0.07587571106851101,
    "broca_area": 5.1335491180419925,
    "wernicke_area": 0.07587571106851101,
    "anterior_cingulate": 2.847963490925789e-17,
    "cerebellum": 1.5719125330448152,
    "amygdala": 0.581918478012085
  },
  "microsoft/DialoGPT-large": {
    "visual_cortex": 1.0993001222610475,
    "temporal_lobe": 2.3543909311294557,
    "parietal_lobe": 4.699218130111694,
    "prefrontal_cortex": 6.696499061584473,
    "hippocampus": 0.07587571442127228,
    "broca_area": 3.5031848192214965,
    "wernicke_area": 0.07587571591138839,
    "anterior_cingulate": 1.252966059144023e-17,
    "cerebellum": 1.030431372589535,
    "amygdala": 1.1855156421661377
  },
  "EleutherAI/gpt-neo-125M": {
    "visual_cortex": 1.9284637212753295,
    "temporal_lobe": 7.164067220687866,
    "parietal_lobe": 10.068598556518555,
    "prefrontal_cortex": 11.714524745941162,
    "hippocampus": 0.07587571442127228,
    "broca_area": 8.910646152496337,
    "wernicke_area": 0.07587571367621422,
    "anterior_cingulate": 1.6653345865685716e-17,
    "cerebellum": 4.5878740986188244,
    "amygdala": 2.7381649732589723
  },
  "EleutherAI/gpt-neo-1.3B": {
    "visual_cortex": 1.0192776799201966,
    "temporal_lobe": 2.1848426342010496,
    "parietal_lobe": 3.719088625907898,
    "prefrontal_cortex": 5.607084274291992,
    "hippocampus": 0.07587571255862713,
    "broca_area": 3.055857539176941,
    "wernicke_area": 0.07587571106851101,
    "anterior_cingulate": 2.9686398902821243e-17,
    "cerebellum": 1.4180225710074106,
    "amygdala": 2.179518795013428
  },
  "EleutherAI/gpt-neo-2.7B": {
    "visual_cortex": 1.0370600163936614,