{
  "bert-base-uncased": {
    "visual_cortex": 0.4750178098678589,
    "temporal_lobe": 0.5313097417354584,
    "parietal_lobe": 0.5610624551773071,
    "prefrontal_cortex": 0.5321735680103302,
    "hippocampus": 0.020032276399433613,
    "broca_area": 0.5395271718502045,
    "wernicke_area": 0.02003227500244975,
    "anterior_cingulate": 2.744017216505033e-18,
    "cerebellum": 0.24543783888220788,
    "amygdala": 0.5204437911510468
  },
  "bert-large-uncased": {
    "visual_cortex": 0.42815220057964326,
    "temporal_lobe": 0.4444828897714615,
    "parietal_lobe": 0.4816103368997574,
    "prefrontal_cortex": 0.4677624851465225,
    "hippocampus": 0.020032275840640067,
    "broca_area": 0.4684857577085495,
    "wernicke_area": 0.020032274629920722,
    "anterior_cingulate": 2.262682772274623e-18,
    "cerebellum": 0.20417396010210115,
    "amygdala": 0.48694266080856324
  },
  "distilbert-base-uncased": {
    "visual_cortex": 0.48437984883785246,
    "temporal_lobe": 0.4572121798992157,
    "parietal_lobe": 0.45365142822265625,
    "prefrontal_cortex": 0.45403908789157865,
    "hippocampus": 0.020032276399433613,
    "broca_area": 0.4589761883020401,
    "wernicke_area": 0.02003227500244975,
    "anterior_cingulate": 3.018418968140833e-18,
    "cerebellum": 0.26968289191524186,
    "amygdala": 0.4125569432973862
  },
  "roberta-base": {
    "visual_cortex": 0.3149680972099304,
    "temporal_lobe": 0.3860060632228851,
    "parietal_lobe": 0.3913346827030182,
    "prefrontal_cortex": 0.40373769998550413,
    "hippocampus": 0.020628239773213864,
    "broca_area": 0.37939943075180055,
    "wernicke_area": 0.020628239028155804,
    "anterior_cingulate": 1.513940533244156e-18,
    "cerebellum": 0.19097572825849057,
    "amygdala": 0.49649749994277953
  },
  "roberta-large": {
    "visual_cortex": 0.5490538954734803,
    "temporal_lobe": 0.5135021090507508,
    "parietal_lobe": 0.45929066836833954,
    "prefrontal_cortex": 0.46171885430812837,
    "hippocampus": 0.02062823884189129,
    "broca_area": 0.4539410829544067,
    "wernicke_area": 0.020628238469362258,
    "anterior_cingulate": 7.240584871278794e-19,
    "cerebellum": 0.20822483847538634,
    "amygdala": 0.9887483656406403
  },
  "albert-base-v2": {
    "visual_cortex": 0.7202663481235504,
    "temporal_lobe": 0.7246381402015686,
    "parietal_lobe": 0.6998333394527435,
    "prefrontal_cortex": 0.7444728910923004,
    "hippocampus": 0.016809063963592052,
    "broca_area": 0.7053137004375458,
    "wernicke_area": 0.01680906368419528,
    "anterior_cingulate": 4.731064166387987e-19,
    "cerebellum": 0.3898340997596582,
    "amygdala": 1.2498198866844177
  },
  "albert-large-v2": {
    "visual_cortex": 0.4435948312282562,
    "temporal_lobe": 0.4683422803878784,
    "parietal_lobe": 0.45127040445804595,
    "prefrontal_cortex": 0.48840099573135376,
    "hippocampus": 0.016809065267443656,
    "broca_area": 0.45433216392993925,
    "wernicke_area": 0.01680906433612108,
    "anterior_cingulate": 1.8101462178196984e-18,
    "cerebellum": 0.22854746741553145,
    "amygdala": 0.8891988813877105
  },
  "microsoft/deberta-base": {
    "visual_cortex": 0.6618714690208435,
    "temporal_lobe": 0.6563407599925994,
    "parietal_lobe": 0.6377807319164276,
    "prefrontal_cortex": 0.6207768201828003,
    "hippocampus": 0.020628239773213864,
    "broca_area": 0.6498274445533753,
    "wernicke_area": 0.020628239028155804,
    "anterior_cingulate": 1.513940533244156e-18,
    "cerebellum": 0.31191692824165024,
    "amygdala": 1.013874787092209
  },
  "microsoft/deberta-large": {
    "visual_cortex": 0.820300680398941,
    "temporal_lobe": 0.7784217417240142,
    "parietal_lobe": 0.7802664279937744,
    "prefrontal_cortex": 0.7615089476108551,
    "hippocampus": 0.02062823884189129,
    "broca_area": 0.7912393867969513,
    "wernicke_area": 0.020628238469362258,
    "anterior_cingulate": 7.240584871278794e-19,
    "cerebellum": 0.2872865934545795,
    "amygdala": 0.8574814438819885
  },
  "distilroberta-base": {
    "visual_cortex": 0.23614467084407806,
    "temporal_lobe": 0.3609951138496399,
    "parietal_lobe": 0.3644534796476364,
    "prefrontal_cortex": 0.3562578231096268,
    "hippocampus": 0.020628239773213864,
    "broca_area": 0.35343028903007506,
    "wernicke_area": 0.020628239028155804,
    "anterior_cingulate": 1.6653346031121838e-18,
    "cerebellum": 0.20184269845485686,
    "amygdala": 0.5235405683517456
  },
  "gpt2": {
    "visual_cortex": 0.535945588350296,
    "temporal_lobe": 1.229469406604767,
    "parietal_lobe": 2.025789570808411,
    "prefrontal_cortex": 3.2498244524002073,
    "hippocampus": 0.02153171841055155,
    "broca_area": 1.6063541054725647,
    "wernicke_area": 0.02153171766549349,
    "anterior_cingulate": 1.513940533244156e-18,
    "cerebellum": 1.046429911007484,
    "amygdala": 8.13675274848938
  },
  "gpt2-medium": {
    "visual_cortex": 1.0675741314888,
    "temporal_lobe": 2.014952850341797,
    "parietal_lobe": 3.359834146499634,
    "prefrontal_cortex": 5.526120996475219,
    "hippocampus": 0.021531718783080578,
    "broca_area": 2.6126700162887575,
    "wernicke_area": 0.021531717851758003,
    "anterior_cingulate": 1.8101462178196984e-18,
    "cerebellum": 1.1409387166301408,
    "amygdala": 8.488769149780273
  },
  "gpt2-large": {
    "visual_cortex": 0.5775607705116272,
    "temporal_lobe": 1.1458119750022888,
    "parietal_lobe": 2.2204535007476807,
    "prefrontal_cortex": 3.607963705062866,
    "hippocampus": 0.02153171841055155,
    "broca_area": 1.612771451473236,
    "wernicke_area": 0.02153171841055155,
    "anterior_cingulate": 1.4274296834441751e-18,
    "cerebellum": 0.5571453885071808,
    "amygdala": 0.8233057916164398
  },
  "microsoft/DialoGPT-small": {
    "visual_cortex": 0.5297801852226257,
    "temporal_lobe": 1.39917653799057,
    "parietal_lobe": 2.3997862100601197,
    "prefrontal_cortex": 3.505010461807251,
    "hippocampus": 0.02153171841055155,
    "broca_area": 1.9334721446037293,
    "wernicke_area": 0.02153171766549349,
    "anterior_cingulate": 1.513940533244156e-18,
    "cerebellum": 1.4044697990020114,
    "amygdala": 19.333673095703126
  },
  "microsoft/DialoGPT-medium": {
    "visual_cortex": 1.3032981395721435,
    "temporal_lobe": 2.9081780672073365,
    "parietal_lobe": 4.919047927856445,
    "prefrontal_cortex": 7.356375217437744,
    "hippocampus": 0.021531718783080578,
    "broca_area": 3.8079217433929444,
    "wernicke_area": 0.021531717851758003,
    "anterior_cingulate": 1.8101462178196984e-18,
    "cerebellum": 1.5168679388860862,
    "amygdala": 0.5973983943462372
  },
  "microsoft/DialoGPT-large": {
    "visual_cortex": 1.0622384071350097,
    "temporal_lobe": 2.1068576097488405,
    "parietal_lobe": 4.33117904663086,
    "prefrontal_cortex": 6.387075042724609,
    "hippocampus": 0.02153171841055155,
    "broca_area": 3.071566867828369,
    "wernicke_area": 0.02153171841055155,
    "anterior_cingulate": 1.4274296834441751e-18,
    "cerebellum": 1.0027779979010423,
    "amygdala": 1.476032018661499
  },
  "EleutherAI/gpt-neo-125M": {
    "visual_cortex": 1.777039921283722,
    "temporal_lobe": 6.828895950317383,
    "parietal_lobe": 8.351063060760499,
    "prefrontal_cortex": 10.611465549468994,
    "hippocampus": 0.02153171841055155,
    "broca_area": 8.581177139282227,
    "wernicke_area": 0.02153171766549349,
    "anterior_cingulate": 1.513940533244156e-18,
    "cerebellum": 4.403161964813868,
    "amygdala": 2.937139320373535
  },
  "EleutherAI/gpt-neo-1.3B": {
    "visual_cortex": 0.9493995845317841,
    "temporal_lobe": 2.0606387853622437,
    "parietal_lobe": 3.429774022102356,
    "prefrontal_cortex": 5.484592723846435,
    "hippocampus": 0.021531718783080578,
    "broca_area": 2.6781097412109376,
    "wernicke_area": 0.021531717851758003,
    "anterior_cingulate": 1.8101462178196984e-18,
    "cerebellum": 1.4032582166294258,
    "amygdala": 2.1946877002716065
  },