{
  "bert-base-uncased": {
    "visual_cortex": 0.5082738161087036,
    "temporal_lobe": 0.5996054351329804,
    "parietal_lobe": 0.604619300365448,
    "prefrontal_cortex": 0.5833313703536988,
    "hippocampus": 0.010710654221475125,
    "broca_area": 0.5950246155261993,
    "wernicke_area": 0.010710653942078352,
    "anterior_cingulate": 2.8386384998327926e-19,
    "cerebellum": 0.2509369478871425,
    "amygdala": 0.5487566709518432
  },
  "bert-large-uncased": {
    "visual_cortex": 0.47628956139087675,
    "temporal_lobe": 0.4808123975992203,
    "parietal_lobe": 0.527770709991455,
    "prefrontal_cortex": 0.5242314159870147,
    "hippocampus": 0.010710654035210609,
    "broca_area": 0.5219099700450898,
    "wernicke_area": 0.01071065366268158,
    "anterior_cingulate": 3.620292435639397e-19,
    "cerebellum": 0.20909344237297772,
    "amygdala": 0.47844102382659914
  },
  "distilbert-base-uncased": {
    "visual_cortex": 0.503315532207489,
    "temporal_lobe": 0.5160093903541565,
    "parietal_lobe": 0.5077304720878602,
    "prefrontal_cortex": 0.5181313574314117,
    "hippocampus": 0.010710654221475125,
    "broca_area": 0.5213056087493897,
    "wernicke_area": 0.010710653942078352,
    "anterior_cingulate": 3.1225023808353447e-19,
    "cerebellum": 0.2923729653159778,
    "amygdala": 0.41663961112499237
  },
  "roberta-base": {
    "visual_cortex": 0.33489512503147123,
    "temporal_lobe": 0.4238500565290451,
    "parietal_lobe": 0.4266118437051773,
    "prefrontal_cortex": 0.44012820422649385,
    "hippocampus": 0.011977919656783343,
    "broca_area": 0.4193566620349884,
    "wernicke_area": 0.011977919191122056,
    "anterior_cingulate": 4.731064166387987e-19,
    "cerebellum": 0.20365422777831554,
    "amygdala": 0.49310266971588135
  },
  "roberta-large": {
    "visual_cortex": 0.5896366357803344,
    "temporal_lobe": 0.5522402048110961,
    "parietal_lobe": 0.5238240182399749,
    "prefrontal_cortex": 0.525328803062439,
    "hippocampus": 0.01197791900485754,
    "broca_area": 0.5063325226306915,
    "wernicke_area": 0.011977918725460768,
    "anterior_cingulate": 2.7152193267295477e-19,
    "cerebellum": 0.21884844470769166,
    "amygdala": 0.9885490417480469
  },
  "albert-base-v2": {
    "visual_cortex": 0.7687414705753326,
    "temporal_lobe": 0.7946913540363312,
    "parietal_lobe": 0.7682163059711457,
    "prefrontal_cortex": 0.8130854845046998,
    "hippocampus": 0.009924572892487049,
    "broca_area": 0.7754536032676697,
    "wernicke_area": 0.009924572333693505,
    "anterior_cingulate": 5.677276999665585e-19,
    "cerebellum": 0.4568956772486369,
    "amygdala": 1.3138127684593202
  },
  "albert-large-v2": {
    "visual_cortex": 0.47665266692638397,
    "temporal_lobe": 0.5033847987651825,
    "parietal_lobe": 0.4871275156736374,
    "prefrontal_cortex": 0.5244255125522613,
    "hippocampus": 0.009924572706222535,
    "broca_area": 0.48804456889629366,
    "wernicke_area": 0.009924572240561248,
    "anterior_cingulate": 4.525365544549246e-19,
    "cerebellum": 0.2730689762781064,
    "amygdala": 0.9380321443080902
  },
  "microsoft/deberta-base": {
    "visual_cortex": 0.7049346327781677,
    "temporal_lobe": 0.7048027992248536,
    "parietal_lobe": 0.7066034317016602,
    "prefrontal_cortex": 0.6833440780639648,
    "hippocampus": 0.011977919656783343,
    "broca_area": 0.7172160565853118,
    "wernicke_area": 0.011977919191122056,
    "anterior_cingulate": 4.731064166387987e-19,
    "cerebellum": 0.327482508122921,
    "amygdala": 0.9748224318027496
  },
  "microsoft/deberta-large": {
    "visual_cortex": 0.8652290582656861,
    "temporal_lobe": 0.8244598984718323,
    "parietal_lobe": 0.8449430346488953,
    "prefrontal_cortex": 0.837643700838089,
    "hippocampus": 0.01197791900485754,
    "broca_area": 0.846276867389679,
    "wernicke_area": 0.011977918725460768,
    "anterior_cingulate": 2.7152193267295477e-19,
    "cerebellum": 0.29933101243029037,
    "amygdala": 0.873800802230835
  },
  "distilroberta-base": {
    "visual_cortex": 0.2496628001332283,
    "temporal_lobe": 0.3909302145242691,
    "parietal_lobe": 0.39779690802097323,
    "prefrontal_cortex": 0.38482542634010314,
    "hippocampus": 0.011977919656783343,
    "broca_area": 0.3850695103406906,
    "wernicke_area": 0.011977919191122056,
    "anterior_cingulate": 5.204170634725574e-19,
    "cerebellum": 0.2152069548765818,
    "amygdala": 0.508372014760971
  },
  "gpt2": {
    "visual_cortex": 0.5845591604709626,
    "temporal_lobe": 1.3671423316001892,
    "parietal_lobe": 2.2336732387542724,
    "prefrontal_cortex": 3.2827889680862428,
    "hippocampus": 0.012272690422832966,
    "broca_area": 1.779097306728363,
    "wernicke_area": 0.012272689770907164,
    "anterior_cingulate": 6.623489832943182e-19,
    "cerebellum": 1.0652418804665407,
    "amygdala": 6.176829862594604
  },
  "gpt2-medium": {
    "visual_cortex": 1.207844603061676,
    "temporal_lobe": 2.3363257169723513,
    "parietal_lobe": 3.970271873474121,
    "prefrontal_cortex": 5.619827032089233,
    "hippocampus": 0.012272690329700709,
    "broca_area": 3.166784954071045,
    "wernicke_area": 0.012272689677774905,
    "anterior_cingulate": 6.335511762368945e-19,
    "cerebellum": 1.203433828552564,
    "amygdala": 6.113342761993408
  },
  "gpt2-large": {
    "visual_cortex": 0.6890657246112823,
    "temporal_lobe": 1.4368523597717284,
    "parietal_lobe": 2.605203938484192,
    "prefrontal_cortex": 3.399865245819092,
    "hippocampus": 0.012272690422832966,
    "broca_area": 2.002825379371643,
    "wernicke_area": 0.012272690422832966,
    "anterior_cingulate": 5.352861312915656e-19,
    "cerebellum": 0.5741643614239164,
    "amygdala": 1.1255569934844971
  },
  "microsoft/DialoGPT-small": {
    "visual_cortex": 0.5669306576251983,
    "temporal_lobe": 1.395963227748871,
    "parietal_lobe": 2.1701791048049928,
    "prefrontal_cortex": 3.1902368783950807,
    "hippocampus": 0.012272690422832966,
    "broca_area": 1.7905540585517883,
    "wernicke_area": 0.012272689770907164,
    "anterior_cingulate": 6.623489832943182e-19,
    "cerebellum": 1.3604066088795663,
    "amygdala": 20.140287971496583
  },
  "microsoft/DialoGPT-medium": {
    "visual_cortex": 1.5212845087051392,
    "temporal_lobe": 2.959890055656433,
    "parietal_lobe": 4.727478742599487,
    "prefrontal_cortex": 7.00744743347168,
    "hippocampus": 0.012272690329700709,
    "broca_area": 3.7331910133361816,
    "wernicke_area": 0.012272689677774905,
    "anterior_cingulate": 6.335511762368945e-19,
    "cerebellum": 1.5234821361800035,
    "amygdala": 0.5922371089458466
  },
  "microsoft/DialoGPT-large": {
    "visual_cortex": 1.1887216091156005,
    "temporal_lobe": 2.103567624092102,
    "parietal_lobe": 3.8690412521362303,
    "prefrontal_cortex": 5.8180163383483885,
    "hippocampus": 0.012272690422832966,
    "broca_area": 2.925185441970825,
    "wernicke_area": 0.012272690422832966,
    "anterior_cingulate": 5.352861312915656e-19,
    "cerebellum": 0.9855982650485304,
    "amygdala": 1.1262916445732116
  },
  "EleutherAI/gpt-neo-125M": {
    "visual_cortex": 1.8129226446151734,
    "temporal_lobe": 6.969813442230224,
    "parietal_lobe": 8.580222988128662,
    "prefrontal_cortex": 10.940415191650391,
    "hippocampus": 0.012272690422832966,
    "broca_area": 8.947100162506104,
    "wernicke_area": 0.012272689770907164,
    "anterior_cingulate": 6.623489832943182e-19,
    "cerebellum": 4.637269777059555,
    "amygdala": 2.9976018190383913
  },
  "EleutherAI/gpt-neo-1.3B": {
    "visual_cortex": 1.0157981038093566,
    "temporal_lobe": 2.2823314905166625,
    "parietal_lobe": 3.8809770584106444,
    "prefrontal_cortex": 5.43724308013916,
    "hippocampus": 0.012272690329700709,
    "broca_area": 3.052370858192444,
    "wernicke_area": 0.012272689677774905,
    "anterior_cingulate": 6.335511762368945e-19,
    "cerebellum": 1.462559829155604,
    "amygdala": 2.0799944400787354
  },