{
  "bert-base-uncased": {
    "visual_cortex": 0.47601902186870576,
    "temporal_lobe": 0.5276490449905396,
    "parietal_lobe": 0.5582124531269074,
    "prefrontal_cortex": 0.5234628558158875,
    "hippocampus": 0.018087991699576377,
    "broca_area": 0.5352900147438049,
    "wernicke_area": 0.018087990954518317,
    "anterior_cingulate": 1.513940533244156e-18,
    "cerebellum": 0.23971153597036995,
    "amygdala": 0.5332594096660614
  },
  "bert-large-uncased": {
    "visual_cortex": 0.43401137590408323,
    "temporal_lobe": 0.44011436998844145,
    "parietal_lobe": 0.4686435550451279,
    "prefrontal_cortex": 0.44778468906879426,
    "hippocampus": 0.01808799188584089,
    "broca_area": 0.4630720853805542,
    "wernicke_area": 0.018087990675121547,
    "anterior_cingulate": 2.262682772274623e-18,
    "cerebellum": 0.1963101406892141,
    "amygdala": 0.4755705684423447
  },
  "distilbert-base-uncased": {
    "visual_cortex": 0.48590167760849,
    "temporal_lobe": 0.45132359564304353,
    "parietal_lobe": 0.4495684146881104,
    "prefrontal_cortex": 0.4414642721414566,
    "hippocampus": 0.018087991699576377,
    "broca_area": 0.45558157563209534,
    "wernicke_area": 0.018087990954518317,
    "anterior_cingulate": 1.6653346031121838e-18,
    "cerebellum": 0.2618293749789397,
    "amygdala": 0.4223229944705963
  },
  "roberta-base": {
    "visual_cortex": 0.30500141680240633,
    "temporal_lobe": 0.3738684892654419,
    "parietal_lobe": 0.37734616696834566,
    "prefrontal_cortex": 0.38582039773464205,
    "hippocampus": 0.0181994054466486,
    "broca_area": 0.36786999404430387,
    "wernicke_area": 0.018199405167251825,
    "anterior_cingulate": 4.731064166387987e-19,
    "cerebellum": 0.17832245913644632,
    "amygdala": 0.5083212405443192
  },
  "roberta-large": {
    "visual_cortex": 0.5327218174934387,
    "temporal_lobe": 0.4961358428001404,
    "parietal_lobe": 0.43246857821941376,
    "prefrontal_cortex": 0.4337669134140015,
    "hippocampus": 0.0181994054466486,
    "broca_area": 0.43809498846530914,
    "wernicke_area": 0.018199404794722797,
    "anterior_cingulate": 1.176595041582804e-18,
    "cerebellum": 0.1947462959215045,
    "amygdala": 0.9886971712112427
  },
  "albert-base-v2": {
    "visual_cortex": 0.6897647738456726,
    "temporal_lobe": 0.6747773110866546,
    "parietal_lobe": 0.6630701184272766,
    "prefrontal_cortex": 0.7099905490875245,
    "hippocampus": 0.017964548617601394,
    "broca_area": 0.6636187195777893,
    "wernicke_area": 0.017964548151940107,
    "anterior_cingulate": 8.515915499498377e-19,
    "cerebellum": 0.38257360383868216,
    "amygdala": 1.233693790435791
  },
  "albert-large-v2": {
    "visual_cortex": 0.42874412834644315,
    "temporal_lobe": 0.4408673316240311,
    "parietal_lobe": 0.4241600424051285,
    "prefrontal_cortex": 0.46498302221298216,
    "hippocampus": 0.017964548617601394,
    "broca_area": 0.43104611337184906,
    "wernicke_area": 0.017964547965675592,
    "anterior_cingulate": 1.176595041582804e-18,
    "cerebellum": 0.2196096746250987,
    "amygdala": 0.8841604769229889
  },
  "microsoft/deberta-base": {
    "visual_cortex": 0.6453596234321595,
    "temporal_lobe": 0.6371610462665558,
    "parietal_lobe": 0.6083901107311249,
    "prefrontal_cortex": 0.5950406491756439,
    "hippocampus": 0.0181994054466486,
    "broca_area": 0.6256096839904786,
    "wernicke_area": 0.018199405167251825,
    "anterior_cingulate": 4.731064166387987e-19,
    "cerebellum": 0.29177031392852465,
    "amygdala": 1.0182836055755615
  },
  "microsoft/deberta-large": {
    "visual_cortex": 0.7984626948833465,
    "temporal_lobe": 0.7648944139480591,
    "parietal_lobe": 0.7547918200492859,
    "prefrontal_cortex": 0.7362286984920502,
    "hippocampus": 0.0181994054466486,
    "broca_area": 0.7725726127624511,
    "wernicke_area": 0.018199404794722797,
    "anterior_cingulate": 1.176595041582804e-18,
    "cerebellum": 0.2751668217281501,
    "amygdala": 0.8568569660186768
  },
  "distilroberta-base": {
    "visual_cortex": 0.2295422524213791,
    "temporal_lobe": 0.3504005193710327,
    "parietal_lobe": 0.35264101028442385,
    "prefrontal_cortex": 0.35021366477012633,
    "hippocampus": 0.0181994054466486,
    "broca_area": 0.34230376183986666,
    "wernicke_area": 0.018199405167251825,
    "anterior_cingulate": 5.204170634725574e-19,
    "cerebellum": 0.19189879645903907,
    "amygdala": 0.5363008737564087
  },
  "gpt2": {
    "visual_cortex": 0.5282813727855682,
    "temporal_lobe": 1.21187983751297,
    "parietal_lobe": 1.9447914123535157,
    "prefrontal_cortex": 3.167129373550415,
    "hippocampus": 0.01889352109283209,
    "broca_area": 1.5614559531211853,
    "wernicke_area": 0.018893519788980483,
    "anterior_cingulate": 2.649395933177273e-18,
    "cerebellum": 1.027039854725202,
    "amygdala": 8.360461378097535
  },
  "gpt2-medium": {
    "visual_cortex": 1.0709934473037719,
    "temporal_lobe": 1.9814282774925231,
    "parietal_lobe": 3.178287148475647,
    "prefrontal_cortex": 5.429307079315185,
    "hippocampus": 0.018893520906567575,
    "broca_area": 2.505671501159668,
    "wernicke_area": 0.018893519509583713,
    "anterior_cingulate": 2.6247120158385627e-18,
    "cerebellum": 1.119447488586108,
    "amygdala": 8.489084339141845
  },
  "gpt2-large": {
    "visual_cortex": 0.5746880233287811,
    "temporal_lobe": 1.1280020356178284,
    "parietal_lobe": 2.1550797700881956,
    "prefrontal_cortex": 3.6310387372970583,
    "hippocampus": 0.018893520720303057,
    "broca_area": 1.5711228251457214,
    "wernicke_area": 0.018893520720303057,
    "anterior_cingulate": 1.87350145952048e-18,
    "cerebellum": 0.5536971212261254,
    "amygdala": 0.8640993893146515
  },
  "microsoft/DialoGPT-small": {
    "visual_cortex": 0.5492989420890808,
    "temporal_lobe": 1.4216349482536317,
    "parietal_lobe": 2.354400563240051,
    "prefrontal_cortex": 3.5010943174362184,
    "hippocampus": 0.01889352109283209,
    "broca_area": 1.9129064798355102,
    "wernicke_area": 0.018893519788980483,
    "anterior_cingulate": 2.649395933177273e-18,
    "cerebellum": 1.3963798388838766,
    "amygdala": 19.7192174911499
  },
  "microsoft/DialoGPT-medium": {
    "visual_cortex": 1.3457204103469849,
    "temporal_lobe": 2.970134997367859,
    "parietal_lobe": 4.918075656890869,
    "prefrontal_cortex": 7.301822996139526,
    "hippocampus": 0.018893520906567575,
    "broca_area": 3.842612886428833,
    "wernicke_area": 0.018893519509583713,
    "anterior_cingulate": 2.6247120158385627e-18,
    "cerebellum": 1.4992129273712638,
    "amygdala": 0.6286678850650788
  },
  "microsoft/DialoGPT-large": {
    "visual_cortex": 1.1308871030807495,
    "temporal_lobe": 2.2136529684066772,
    "parietal_lobe": 4.43988151550293,
    "prefrontal_cortex": 6.56564507484436,
    "hippocampus": 0.018893520720303057,
    "broca_area": 3.1529285192489622,
    "wernicke_area": 0.018893520720303057,
    "anterior_cingulate": 1.87350145952048e-18,
    "cerebellum": 1.011898076782624,
    "amygdala": 1.499545931816101
  },
  "EleutherAI/gpt-neo-125M": {
    "visual_cortex": 1.7743775010108949,
    "temporal_lobe": 6.8512626647949215,
    "parietal_lobe": 8.25666766166687,
    "prefrontal_cortex": 10.469006156921386,
    "hippocampus": 0.01889352109283209,
    "broca_area": 8.593015575408936,
    "wernicke_area": 0.018893519788980483,
    "anterior_cingulate": 2.649395933177273e-18,
    "cerebellum": 4.325988257924715,
    "amygdala": 2.846319341659546
  },
  "EleutherAI/gpt-neo-1.3B": {
    "visual_cortex": 0.9307202935218811,
    "temporal_lobe": 2.009702670574188,
    "parietal_lobe": 3.2752251625061035,
    "prefrontal_cortex": 5.441263437271118,
    "hippocampus": 0.018893520906567575,
    "broca_area": 2.587649130821228,
    "wernicke_area": 0.018893519509583713,
    "anterior_cingulate": 2.6247120158385627e-18,
    "cerebellum": 1.3748216552038988,
    "amygdala": 2.196880912780762
  },