{
  "bert-base-uncased": {
    "visual_cortex": 0.46756742894649506,
    "temporal_lobe": 0.5223546028137207,
    "parietal_lobe": 0.5552158296108246,
    "prefrontal_cortex": 0.5353573024272918,
    "hippocampus": 0.018825727701187133,
    "broca_area": 0.5337858319282531,
    "wernicke_area": 0.01882572714239359,
    "anterior_cingulate": 1.135455399933117e-18,
    "cerebellum": 0.24707678842047848,
    "amygdala": 0.5260005533695221
  },
  "bert-large-uncased": {
    "visual_cortex": 0.4178906470537186,
    "temporal_lobe": 0.43311726450920107,
    "parietal_lobe": 0.47792800068855285,
    "prefrontal_cortex": 0.48097039461135865,
    "hippocampus": 0.018825727887451647,
    "broca_area": 0.45595616698265073,
    "wernicke_area": 0.01882572714239359,
    "anterior_cingulate": 1.4481169742557587e-18,
    "cerebellum": 0.20377802780518928,
    "amygdala": 0.48039740025997163
  },
  "distilbert-base-uncased": {
    "visual_cortex": 0.4801610171794891,
    "temporal_lobe": 0.4552168220281601,
    "parietal_lobe": 0.4510659545660019,
    "prefrontal_cortex": 0.4588879615068436,
    "hippocampus": 0.018825727701187133,
    "broca_area": 0.46002345681190493,
    "wernicke_area": 0.01882572714239359,
    "anterior_cingulate": 1.2490009523341379e-18,
    "cerebellum": 0.2739657312631607,
    "amygdala": 0.4184751123189926
  },
  "roberta-base": {
    "visual_cortex": 0.30900798439979554,
    "temporal_lobe": 0.3776284635066986,
    "parietal_lobe": 0.38343799114227295,
    "prefrontal_cortex": 0.39860319793224336,
    "hippocampus": 0.019703169725835322,
    "broca_area": 0.37128090262413027,
    "wernicke_area": 0.019703169539570808,
    "anterior_cingulate": 3.78485133311039e-19,
    "cerebellum": 0.18847341413299243,
    "amygdala": 0.49902322590351106
  },
  "roberta-large": {
    "visual_cortex": 0.5329754590988159,
    "temporal_lobe": 0.5040724664926529,
    "parietal_lobe": 0.44699169397354127,
    "prefrontal_cortex": 0.45609566271305085,
    "hippocampus": 0.019703169353306293,
    "broca_area": 0.44764038026332853,
    "wernicke_area": 0.019703168794512747,
    "anterior_cingulate": 1.086087730691819e-18,
    "cerebellum": 0.20560609729339677,
    "amygdala": 0.9887726902961731
  },
  "albert-base-v2": {
    "visual_cortex": 0.722965657711029,
    "temporal_lobe": 0.7262605607509613,
    "parietal_lobe": 0.6944730281829834,
    "prefrontal_cortex": 0.7431815505027771,
    "hippocampus": 0.016216625086963178,
    "broca_area": 0.706151932477951,
    "wernicke_area": 0.01621662499383092,
    "anterior_cingulate": 9.462128332775975e-20,
    "cerebellum": 0.39990125745534894,
    "amygdala": 1.2604336977005004
  },
  "albert-large-v2": {
    "visual_cortex": 0.4421109139919281,
    "temporal_lobe": 0.4635095089673996,
    "parietal_lobe": 0.44335871934890747,
    "prefrontal_cortex": 0.4814382165670395,
    "hippocampus": 0.016216625273227692,
    "broca_area": 0.44828374981880187,
    "wernicke_area": 0.016216625086963178,
    "anterior_cingulate": 3.620292435639397e-19,
    "cerebellum": 0.23695605540027223,
    "amygdala": 0.8907377779483795
  },
  "microsoft/deberta-base": {
    "visual_cortex": 0.6502681016921997,
    "temporal_lobe": 0.6492600500583648,
    "parietal_lobe": 0.6316566705703736,
    "prefrontal_cortex": 0.6197303652763366,
    "hippocampus": 0.019703169725835322,
    "broca_area": 0.6459399282932281,
    "wernicke_area": 0.019703169539570808,
    "anterior_cingulate": 3.78485133311039e-19,
    "cerebellum": 0.31106157749891283,
    "amygdala": 1.0150066137313842
  },
  "microsoft/deberta-large": {
    "visual_cortex": 0.8110369443893433,
    "temporal_lobe": 0.7767623960971832,
    "parietal_lobe": 0.7725648701190948,
    "prefrontal_cortex": 0.7563594281673431,
    "hippocampus": 0.019703169353306293,
    "broca_area": 0.7873817086219788,
    "wernicke_area": 0.019703168794512747,
    "anterior_cingulate": 1.086087730691819e-18,
    "cerebellum": 0.2896619327366352,
    "amygdala": 0.8536467969417572
  },
  "distilroberta-base": {
    "visual_cortex": 0.23132136315107346,
    "temporal_lobe": 0.35593955516815184,
    "parietal_lobe": 0.3594135016202927,
    "prefrontal_cortex": 0.35526657700538633,
    "hippocampus": 0.019703169725835322,
    "broca_area": 0.3463572978973389,
    "wernicke_area": 0.019703169539570808,
    "anterior_cingulate": 4.1633365077804595e-19,
    "cerebellum": 0.20052017842729888,
    "amygdala": 0.5242446422576904
  },
  "gpt2": {
    "visual_cortex": 0.5237753570079804,
    "temporal_lobe": 1.1935936093330384,
    "parietal_lobe": 1.9625070214271545,
    "prefrontal_cortex": 3.204981231689453,
    "hippocampus": 0.0205192806199193,
    "broca_area": 1.547866117954254,
    "wernicke_area": 0.020519279316067694,
    "anterior_cingulate": 2.649395933177273e-18,
    "cerebellum": 1.0280961679915586,
    "amygdala": 7.806824541091919
  },
  "gpt2-medium": {
    "visual_cortex": 1.0307896375656127,
    "temporal_lobe": 1.9289222955703735,
    "parietal_lobe": 3.3317535161972045,
    "prefrontal_cortex": 5.537954902648925,
    "hippocampus": 0.02051928024739027,
    "broca_area": 2.5382106781005858,
    "wernicke_area": 0.020519278943538666,
    "anterior_cingulate": 2.534204704947578e-18,
    "cerebellum": 1.1327798109501601,
    "amygdala": 8.102245855331422
  },
  "gpt2-large": {
    "visual_cortex": 0.5524061381816864,
    "temporal_lobe": 1.0823265075683595,
    "parietal_lobe": 2.199190092086792,
    "prefrontal_cortex": 3.6179310083389282,
    "hippocampus": 0.02051928024739027,
    "broca_area": 1.5541345596313476,
    "wernicke_area": 0.02051928024739027,
    "anterior_cingulate": 1.4274296834441751e-18,
    "cerebellum": 0.5499272980209854,
    "amygdala": 0.8132162988185883
  },
  "microsoft/DialoGPT-small": {
    "visual_cortex": 0.5241787970066071,
    "temporal_lobe": 1.356788206100464,
    "parietal_lobe": 2.3309962511062623,
    "prefrontal_cortex": 3.4449044704437255,
    "hippocampus": 0.0205192806199193,
    "broca_area": 1.8603948116302491,
    "wernicke_area": 0.020519279316067694,
    "anterior_cingulate": 2.649395933177273e-18,
    "cerebellum": 1.4190246880054473,
    "amygdala": 20.355578231811524
  },
  "microsoft/DialoGPT-medium": {
    "visual_cortex": 1.2740016460418702,
    "temporal_lobe": 2.8221014738082886,
    "parietal_lobe": 4.895143270492554,
    "prefrontal_cortex": 7.3475292205810545,
    "hippocampus": 0.02051928024739027,
    "broca_area": 3.7478756666183473,
    "wernicke_area": 0.020519278943538666,
    "anterior_cingulate": 2.534204704947578e-18,
    "cerebellum": 1.5280777586003143,
    "amygdala": 0.5888138175010681
  },
  "microsoft/DialoGPT-large": {
    "visual_cortex": 1.0279889047145843,
    "temporal_lobe": 2.0008121848106386,
    "parietal_lobe": 4.178214263916016,
    "prefrontal_cortex": 6.387389898300171,
    "hippocampus": 0.02051928024739027,
    "broca_area": 2.9293798446655273,
    "wernicke_area": 0.02051928024739027,
    "anterior_cingulate": 1.4274296834441751e-18,
    "cerebellum": 1.012189732160833,
    "amygdala": 1.6554542064666748
  },
  "EleutherAI/gpt-neo-125M": {
    "visual_cortex": 1.739169216156006,
    "temporal_lobe": 6.8052267074584964,
    "parietal_lobe": 8.262457847595215,
    "prefrontal_cortex": 10.601318550109863,
    "hippocampus": 0.0205192806199193,
    "broca_area": 8.553353309631348,
    "wernicke_area": 0.020519279316067694,
    "anterior_cingulate": 2.649395933177273e-18,
    "cerebellum": 4.387061699231466,
    "amygdala": 2.9002743005752563
  },
  "EleutherAI/gpt-neo-1.3B": {
    "visual_cortex": 0.9107756853103638,
    "temporal_lobe": 1.9930481791496277,
    "parietal_lobe": 3.375636577606201,
    "prefrontal_cortex": 5.441737699508667,
    "hippocampus": 0.02051928024739027,
    "broca_area": 2.601738524436951,
    "wernicke_area": 0.020519278943538666,
    "anterior_cingulate": 2.534204704947578e-18,
    "cerebellum": 1.3896611462036765,
    "amygdala": 2.1864578247070314
  },