{
  "bert-base-uncased": {
    "visual_cortex": 0.42082071900367735,
    "temporal_lobe": 0.4480981856584549,
    "parietal_lobe": 0.4780839115381241,
    "prefrontal_cortex": 0.43882625102996825,
    "hippocampus": 0.14362045526504516,
    "broca_area": 0.45660806596279147,
    "wernicke_area": 0.14362044781446456,
    "anterior_cingulate": 1.3070353121448702e-16,
    "cerebellum": 0.220666740834713,
    "amygdala": 0.527061066031456
  },
  "bert-large-uncased": {
    "visual_cortex": 0.3756641745567322,
    "temporal_lobe": 0.3720702290534973,
    "parietal_lobe": 0.41975870430469514,
    "prefrontal_cortex": 0.42152555882930753,
    "hippocampus": 0.14362044557929038,
    "broca_area": 0.4181046187877655,
    "wernicke_area": 0.14362044148147107,
    "anterior_cingulate": 3.7216606664371013e-16,
    "cerebellum": 0.18901507888610164,
    "amygdala": 0.50662741959095
  },
  "distilbert-base-uncased": {
    "visual_cortex": 0.4234344631433487,
    "temporal_lobe": 0.37374268770217894,
    "parietal_lobe": 0.38681418597698214,
    "prefrontal_cortex": 0.35355292558670043,
    "hippocampus": 0.14362045526504516,
    "broca_area": 0.3750338703393936,
    "wernicke_area": 0.14362044483423234,
    "anterior_cingulate": 1.776356991601483e-16,
    "cerebellum": 0.22932758157451943,
    "amygdala": 0.4256445735692978
  },
  "roberta-base": {
    "visual_cortex": 0.27767286002635955,
    "temporal_lobe": 0.3399379402399063,
    "parietal_lobe": 0.30799726247787473,
    "prefrontal_cortex": 0.3148803859949112,
    "hippocampus": 0.14218254163861274,
    "broca_area": 0.3086441993713379,
    "wernicke_area": 0.14218253903090955,
    "anterior_cingulate": 5.096933095501434e-17,
    "cerebellum": 0.16146367266774178,
    "amygdala": 0.4615843743085861
  },
  "roberta-large": {
    "visual_cortex": 0.498162442445755,
    "temporal_lobe": 0.4708093672990799,
    "parietal_lobe": 0.38855355978012085,
    "prefrontal_cortex": 0.3658327519893646,
    "hippocampus": 0.14218253865838051,
    "broca_area": 0.39924817383289335,
    "wernicke_area": 0.1421825371682644,
    "anterior_cingulate": 1.2188318522882588e-16,
    "cerebellum": 0.18687781024103362,
    "amygdala": 0.9891931414604187
  },
  "albert-base-v2": {
    "visual_cortex": 0.643892103433609,
    "temporal_lobe": 0.5737680166959762,
    "parietal_lobe": 0.5473271012306213,
    "prefrontal_cortex": 0.5525504589080811,
    "hippocampus": 0.14028660878539084,
    "broca_area": 0.5562350243330002,
    "wernicke_area": 0.1402866043150425,
    "anterior_cingulate": 1.4344586821322078e-16,
    "cerebellum": 0.3091216965268056,
    "amygdala": 1.076078224182129
  },
  "albert-large-v2": {
    "visual_cortex": 0.3751990616321564,
    "temporal_lobe": 0.37133143544197084,
    "parietal_lobe": 0.35338081419467926,
    "prefrontal_cortex": 0.36218389868736267,
    "hippocampus": 0.14028660356998443,
    "broca_area": 0.36325798034667967,
    "wernicke_area": 0.14028659984469413,
    "anterior_cingulate": 2.895027239546144e-16,
    "cerebellum": 0.12904105464306972,
    "amygdala": 0.7445609867572784
  },
  "microsoft/deberta-base": {
    "visual_cortex": 0.5710615873336792,
    "temporal_lobe": 0.5460801064968109,
    "parietal_lobe": 0.536010468006134,
    "prefrontal_cortex": 0.5002658516168594,
    "hippocampus": 0.14218254163861274,
    "broca_area": 0.5541672199964524,
    "wernicke_area": 0.14218253903090955,
    "anterior_cingulate": 4.188568792098553e-17,
    "cerebellum": 0.26747690414388975,
    "amygdala": 0.986040598154068
  },
  "microsoft/deberta-large": {
    "visual_cortex": 0.6689274549484253,
    "temporal_lobe": 0.6041326701641083,
    "parietal_lobe": 0.674459558725357,
    "prefrontal_cortex": 0.6556300342082977,
    "hippocampus": 0.14218253940343856,
    "broca_area": 0.6170042514801025,
    "wernicke_area": 0.14218253791332244,
    "anterior_cingulate": 2.944504594280835e-17,
    "cerebellum": 0.25151985622942447,
    "amygdala": 0.758238685131073
  },
  "distilroberta-base": {
    "visual_cortex": 0.2086097702383995,
    "temporal_lobe": 0.31326720416545867,
    "parietal_lobe": 0.29260419458150866,
    "prefrontal_cortex": 0.26998075395822524,
    "hippocampus": 0.14218254163861274,
    "broca_area": 0.29726682305336,
    "wernicke_area": 0.14218253903090955,
    "anterior_cingulate": 3.608225177447616e-17,
    "cerebellum": 0.16385361614326635,
    "amygdala": 0.5091604977846146
  },
  "gpt2": {
    "visual_cortex": 0.5642916917800903,
    "temporal_lobe": 1.6727038741111755,
    "parietal_lobe": 2.6972185611724853,
    "prefrontal_cortex": 3.5543156623840333,
    "hippocampus": 0.21753358244895935,
    "broca_area": 2.337041366100311,
    "wernicke_area": 0.21753357648849486,
    "anterior_cingulate": 1.1152695278108896e-16,
    "cerebellum": 0.9522832485536734,
    "amygdala": 6.562446069717407
  },
  "gpt2-medium": {
    "visual_cortex": 1.060715663433075,
    "temporal_lobe": 2.660074734687805,
    "parietal_lobe": 3.704555368423462,
    "prefrontal_cortex": 5.217068195343018,
    "hippocampus": 0.21753357872366905,
    "broca_area": 3.1586841583251952,
    "wernicke_area": 0.2175335746258497,
    "anterior_cingulate": 2.377325482978064e-16,
    "cerebellum": 0.9090313573678335,
    "amygdala": 8.022090196609497
  },
  "gpt2-large": {
    "visual_cortex": 0.6627710819244385,
    "temporal_lobe": 1.3537663340568542,
    "parietal_lobe": 2.556741166114807,
    "prefrontal_cortex": 3.473434257507324,
    "hippocampus": 0.21753358356654645,
    "broca_area": 2.0099164724349974,
    "wernicke_area": 0.21753358356654645,
    "anterior_cingulate": 2.7438370214124425e-17,
    "cerebellum": 0.45685117849045326,
    "amygdala": 0.6876406073570251
  },
  "microsoft/DialoGPT-small": {
    "visual_cortex": 0.5853011697530747,
    "temporal_lobe": 3.3110996007919313,
    "parietal_lobe": 6.271311283111572,
    "prefrontal_cortex": 7.233722162246704,
    "hippocampus": 0.21753358244895935,
    "broca_area": 5.446203231811523,
    "wernicke_area": 0.21753357648849486,
    "anterior_cingulate": 1.0547118998636783e-16,
    "cerebellum": 2.0206348697344465,
    "amygdala": 16.34010057449341
  },
  "microsoft/DialoGPT-medium": {
    "visual_cortex": 1.5523990869522095,
    "temporal_lobe": 7.34448504447937,
    "parietal_lobe": 9.427659797668458,
    "prefrontal_cortex": 11.34360032081604,
    "hippocampus": 0.21753357723355293,
    "broca_area": 8.412319135665893,
    "wernicke_area": 0.21753357835114,
    "anterior_cingulate": 2.1287320878135859e-16,
    "cerebellum": 1.7195358974238235,
    "amygdala": 0.5594301760196686
  },
  "microsoft/DialoGPT-large": {
    "visual_cortex": 1.2056062042713165,
    "temporal_lobe": 2.9120508193969727,
    "parietal_lobe": 5.600821876525879,
    "prefrontal_cortex": 7.378188180923462,
    "hippocampus": 0.21753358505666257,
    "broca_area": 4.434950971603394,
    "wernicke_area": 0.21753358356654645,
    "anterior_cingulate": 2.172865247296446e-17,
    "cerebellum": 1.121473150369194,
    "amygdala": 1.0502566397190094
  },
  "EleutherAI/gpt-neo-125M": {
    "visual_cortex": 1.9822249174118043,
    "temporal_lobe": 7.585410690307617,
    "parietal_lobe": 13.985438442230224,
    "prefrontal_cortex": 14.485131931304931,
    "hippocampus": 0.21753358244895935,
    "broca_area": 9.663187503814697,
    "wernicke_area": 0.21753357946872712,
    "anterior_cingulate": 7.82202580718673e-17,
    "cerebellum": 5.080375314752261,
    "amygdala": 2.7055598974227903
  },
  "EleutherAI/gpt-neo-1.3B": {
    "visual_cortex": 1.0924947023391725,
    "temporal_lobe": 2.4442150354385377,
    "parietal_lobe": 4.486183595657349,
    "prefrontal_cortex": 5.834670734405518,
    "hippocampus": 0.21753357723355293,
    "broca_area": 3.943716216087341,
    "wernicke_area": 0.21753357388079167,
    "anterior_cingulate": 1.8560032928366518e-16,
    "cerebellum": 1.3966218411922455,
    "amygdala": 2.2130805015563966
  },
  "EleutherAI/gpt-neo-2.7B": {
    "visual_cortex": 1.1023143649101257,