{
  "bert-base-uncased": {
    "visual_cortex": 0.47958853244781496,
    "temporal_lobe": 0.5337003946304322,
    "parietal_lobe": 0.5515370011329651,
    "prefrontal_cortex": 0.5107916086912155,
    "hippocampus": 0.027804735116660595,
    "broca_area": 0.5339155733585358,
    "wernicke_area": 0.027804733812808992,
    "anterior_cingulate": 3.4063661997993508e-18,
    "cerebellum": 0.23636076164742312,
    "amygdala": 0.5323492109775543
  },
  "bert-large-uncased": {
    "visual_cortex": 0.4522411048412323,
    "temporal_lobe": 0.45152067840099336,
    "parietal_lobe": 0.46424293518066406,
    "prefrontal_cortex": 0.4539841502904892,
    "hippocampus": 0.027804735861718655,
    "broca_area": 0.47031058371067047,
    "wernicke_area": 0.02780473418533802,
    "anterior_cingulate": 4.706380166331216e-18,
    "cerebellum": 0.19720880563060442,
    "amygdala": 0.4791545569896698
  },
  "distilbert-base-uncased": {
    "visual_cortex": 0.48676598966121676,
    "temporal_lobe": 0.4485291838645935,
    "parietal_lobe": 0.44115589261054994,
    "prefrontal_cortex": 0.4231144666671753,
    "hippocampus": 0.027804735116660595,
    "broca_area": 0.45131338238716123,
    "wernicke_area": 0.027804733812808992,
    "anterior_cingulate": 3.7470028570024136e-18,
    "cerebellum": 0.254798566053311,
    "amygdala": 0.40049797892570493
  },
  "roberta-base": {
    "visual_cortex": 0.30944437980651857,
    "temporal_lobe": 0.37659691274166107,
    "parietal_lobe": 0.37842886745929716,
    "prefrontal_cortex": 0.38651623427867887,
    "hippocampus": 0.027528919093310834,
    "broca_area": 0.36908806562423707,
    "wernicke_area": 0.027528918348252773,
    "anterior_cingulate": 2.270910799866234e-18,
    "cerebellum": 0.17942934868236385,
    "amygdala": 0.5024065107107163
  },
  "roberta-large": {
    "visual_cortex": 0.5446954727172851,
    "temporal_lobe": 0.5025164425373078,
    "parietal_lobe": 0.43311183750629423,
    "prefrontal_cortex": 0.43064620792865754,
    "hippocampus": 0.027528919093310834,
    "broca_area": 0.44011181890964507,
    "wernicke_area": 0.027528918348252773,
    "anterior_cingulate": 2.172175461383638e-18,
    "cerebellum": 0.19580753650516272,
    "amygdala": 0.988711702823639
  },
  "albert-base-v2": {
    "visual_cortex": 0.6798475563526154,
    "temporal_lobe": 0.6654049217700958,
    "parietal_lobe": 0.6504949331283569,
    "prefrontal_cortex": 0.6932879388332367,
    "hippocampus": 0.02691886629909277,
    "broca_area": 0.6523167312145233,
    "wernicke_area": 0.026918864622712136,
    "anterior_cingulate": 4.9203067330435066e-18,
    "cerebellum": 0.37712282314896584,
    "amygdala": 1.2177467226982117
  },
  "albert-large-v2": {
    "visual_cortex": 0.4238372057676315,
    "temporal_lobe": 0.437104669213295,
    "parietal_lobe": 0.4259181469678879,
    "prefrontal_cortex": 0.4682745307683945,
    "hippocampus": 0.02691886629909277,
    "broca_area": 0.43022872507572174,
    "wernicke_area": 0.02691886480897665,
    "anterior_cingulate": 4.344350922767276e-18,
    "cerebellum": 0.20500532556325196,
    "amygdala": 0.8699064552783966
  },
  "microsoft/deberta-base": {
    "visual_cortex": 0.6478205561637879,
    "temporal_lobe": 0.6383303284645081,
    "parietal_lobe": 0.612089467048645,
    "prefrontal_cortex": 0.598849868774414,
    "hippocampus": 0.027528919093310834,
    "broca_area": 0.6286131322383881,
    "wernicke_area": 0.027528918348252773,
    "anterior_cingulate": 2.270910799866234e-18,
    "cerebellum": 0.2929603970299165,
    "amygdala": 0.9809527099132538
  },
  "microsoft/deberta-large": {
    "visual_cortex": 0.799910032749176,
    "temporal_lobe": 0.7607102453708648,
    "parietal_lobe": 0.7583245754241943,
    "prefrontal_cortex": 0.7348458588123321,
    "hippocampus": 0.027528919093310834,
    "broca_area": 0.7711268186569213,
    "wernicke_area": 0.027528918348252773,
    "anterior_cingulate": 2.172175461383638e-18,
    "cerebellum": 0.2737847135712703,
    "amygdala": 0.844943618774414
  },
  "distilroberta-base": {
    "visual_cortex": 0.23257022053003312,
    "temporal_lobe": 0.3558764636516571,
    "parietal_lobe": 0.3542958825826645,
    "prefrontal_cortex": 0.34878731369972227,
    "hippocampus": 0.027528919093310834,
    "broca_area": 0.3442829459905624,
    "wernicke_area": 0.027528918348252773,
    "anterior_cingulate": 2.4980019046682757e-18,
    "cerebellum": 0.19304252217213314,
    "amygdala": 0.5313247203826904
  },
  "gpt2": {
    "visual_cortex": 0.5563119053840637,
    "temporal_lobe": 1.2830844283103944,
    "parietal_lobe": 2.040998160839081,
    "prefrontal_cortex": 3.2122350215911863,
    "hippocampus": 0.029233288392424582,
    "broca_area": 1.652388334274292,
    "wernicke_area": 0.029233287461102007,
    "anterior_cingulate": 2.649395933177273e-18,
    "cerebellum": 1.0429793116947015,
    "amygdala": 8.32967472076416
  },
  "gpt2-medium": {
    "visual_cortex": 1.1214849591255187,
    "temporal_lobe": 2.088908326625824,
    "parietal_lobe": 3.2620782136917112,
    "prefrontal_cortex": 5.519574689865112,
    "hippocampus": 0.0292332885786891,
    "broca_area": 2.6085779666900635,
    "wernicke_area": 0.029233287461102007,
    "anterior_cingulate": 2.8962339485115175e-18,
    "cerebellum": 1.1518982687344153,
    "amygdala": 8.278897714614867
  },
  "gpt2-large": {
    "visual_cortex": 0.6157023489475251,
    "temporal_lobe": 1.1883924841880797,
    "parietal_lobe": 2.1966883897781373,
    "prefrontal_cortex": 3.6622732400894167,
    "hippocampus": 0.029233288764953614,
    "broca_area": 1.6318009853363038,
    "wernicke_area": 0.029233288764953614,
    "anterior_cingulate": 1.784287104305219e-18,
    "cerebellum": 0.5744302895747954,
    "amygdala": 0.8984342575073242
  },
  "microsoft/DialoGPT-small": {
    "visual_cortex": 0.5736413419246673,
    "temporal_lobe": 1.5514475226402282,
    "parietal_lobe": 2.559069538116455,
    "prefrontal_cortex": 3.6485184907913206,
    "hippocampus": 0.029233288392424582,
    "broca_area": 2.1060115456581117,
    "wernicke_area": 0.029233287461102007,
    "anterior_cingulate": 2.649395933177273e-18,
    "cerebellum": 1.4082838639616964,
    "amygdala": 19.00805835723877
  },
  "microsoft/DialoGPT-medium": {
    "visual_cortex": 1.4445154428482057,
    "temporal_lobe": 3.296344351768494,
    "parietal_lobe": 5.17387957572937,
    "prefrontal_cortex": 7.518794822692871,
    "hippocampus": 0.0292332885786891,
    "broca_area": 4.11411144733429,
    "wernicke_area": 0.029233287461102007,
    "anterior_cingulate": 2.8962339485115175e-18,
    "cerebellum": 1.5190510985751946,
    "amygdala": 0.6338366210460663
  },
  "microsoft/DialoGPT-large": {
    "visual_cortex": 1.1681170344352723,
    "temporal_lobe": 2.3139233112335207,
    "parietal_lobe": 4.52399206161499,
    "prefrontal_cortex": 6.51352891921997,
    "hippocampus": 0.029233288764953614,
    "broca_area": 3.274527335166931,
    "wernicke_area": 0.029233288764953614,
    "anterior_cingulate": 1.784287104305219e-18,
    "cerebellum": 1.012679864714543,
    "amygdala": 1.3413645029067993
  },
  "EleutherAI/gpt-neo-125M": {
    "visual_cortex": 1.8577634334564208,
    "temporal_lobe": 6.956028461456299,
    "parietal_lobe": 8.619040966033936,
    "prefrontal_cortex": 10.957507610321045,
    "hippocampus": 0.029233288392424582,
    "broca_area": 8.630964946746825,
    "wernicke_area": 0.029233287461102007,
    "anterior_cingulate": 2.649395933177273e-18,
    "cerebellum": 4.469843654831251,
    "amygdala": 2.8007569789886473
  },
  "EleutherAI/gpt-neo-1.3B": {
    "visual_cortex": 1.0087566256523133,
    "temporal_lobe": 2.1175753593444826,
    "parietal_lobe": 3.427680563926697,
    "prefrontal_cortex": 5.705385637283325,
    "hippocampus": 0.0292332885786891,
    "broca_area": 2.720136857032776,
    "wernicke_area": 0.029233287461102007,
    "anterior_cingulate": 2.8962339485115175e-18,
    "cerebellum": 1.445179133117199,
    "amygdala": 2.1772758960723877
  },