{
  "bert-base-uncased": {
    "visual_cortex": 0.47626182436943054,
    "temporal_lobe": 0.5300919651985169,
    "parietal_lobe": 0.5632137358188629,
    "prefrontal_cortex": 0.5221892237663269,
    "hippocampus": 0.020554777607321738,
    "broca_area": 0.5407579779624939,
    "wernicke_area": 0.020554776769131422,
    "anterior_cingulate": 1.4193192499163962e-18,
    "cerebellum": 0.24101257883012295,
    "amygdala": 0.5428983986377716
  },
  "bert-large-uncased": {
    "visual_cortex": 0.4395727038383484,
    "temporal_lobe": 0.44108234345912933,
    "parietal_lobe": 0.47147223353385925,
    "prefrontal_cortex": 0.45065988302230836,
    "hippocampus": 0.020554777421057224,
    "broca_area": 0.4666285812854767,
    "wernicke_area": 0.020554776396602394,
    "anterior_cingulate": 1.7196389069287135e-18,
    "cerebellum": 0.1965643486008048,
    "amygdala": 0.4899821937084198
  },
  "distilbert-base-uncased": {
    "visual_cortex": 0.4827548027038574,
    "temporal_lobe": 0.45252575278282164,
    "parietal_lobe": 0.45661722421646117,
    "prefrontal_cortex": 0.4402789682149887,
    "hippocampus": 0.020554777607321738,
    "broca_area": 0.46158594489097593,
    "wernicke_area": 0.020554776769131422,
    "anterior_cingulate": 1.5612511904176723e-18,
    "cerebellum": 0.2635149175922075,
    "amygdala": 0.4336367785930634
  },
  "roberta-base": {
    "visual_cortex": 0.30576678812503816,
    "temporal_lobe": 0.3811837136745453,
    "parietal_lobe": 0.3855378836393356,
    "prefrontal_cortex": 0.39292229413986207,
    "hippocampus": 0.020655097626149654,
    "broca_area": 0.37745283246040345,
    "wernicke_area": 0.020655097160488366,
    "anterior_cingulate": 6.623489832943182e-19,
    "cerebellum": 0.18188571445643903,
    "amygdala": 0.49865596890449526
  },
  "roberta-large": {
    "visual_cortex": 0.5324153780937195,
    "temporal_lobe": 0.5029687821865082,
    "parietal_lobe": 0.4400183826684952,
    "prefrontal_cortex": 0.4377105891704559,
    "hippocampus": 0.020655097812414168,
    "broca_area": 0.44500612318515775,
    "wernicke_area": 0.02065509706735611,
    "anterior_cingulate": 1.267102352473789e-18,
    "cerebellum": 0.19618156546105942,
    "amygdala": 0.9887278616428375
  },
  "albert-base-v2": {
    "visual_cortex": 0.6921179473400116,
    "temporal_lobe": 0.6942951440811157,
    "parietal_lobe": 0.6888693153858185,
    "prefrontal_cortex": 0.7361148118972778,
    "hippocampus": 0.020166701823472976,
    "broca_area": 0.6879451930522918,
    "wernicke_area": 0.02016670098528266,
    "anterior_cingulate": 1.4193192499163962e-18,
    "cerebellum": 0.3799767876664798,
    "amygdala": 1.2400237441062927
  },
  "albert-large-v2": {
    "visual_cortex": 0.433115690946579,
    "temporal_lobe": 0.45489934384822844,
    "parietal_lobe": 0.4391626000404358,
    "prefrontal_cortex": 0.4828537702560425,
    "hippocampus": 0.020166701823472976,
    "broca_area": 0.4461758404970169,
    "wernicke_area": 0.02016670098528266,
    "anterior_cingulate": 1.5386242851467437e-18,
    "cerebellum": 0.20770021301383773,
    "amygdala": 0.8810294330120086
  },
  "microsoft/deberta-base": {
    "visual_cortex": 0.6437082111835479,
    "temporal_lobe": 0.6435901522636414,
    "parietal_lobe": 0.6223796665668487,
    "prefrontal_cortex": 0.6067251443862915,
    "hippocampus": 0.020655097626149654,
    "broca_area": 0.6378604710102082,
    "wernicke_area": 0.020655097160488366,
    "anterior_cingulate": 6.623489832943182e-19,
    "cerebellum": 0.29618803088863693,
    "amygdala": 0.988582867383957
  },
  "microsoft/deberta-large": {
    "visual_cortex": 0.8006992816925049,
    "temporal_lobe": 0.7662681400775909,
    "parietal_lobe": 0.7596113085746765,
    "prefrontal_cortex": 0.7340419948101043,
    "hippocampus": 0.020655097812414168,
    "broca_area": 0.7752864301204682,
    "wernicke_area": 0.02065509706735611,
    "anterior_cingulate": 1.267102352473789e-18,
    "cerebellum": 0.27317098807543516,
    "amygdala": 0.8502014994621276
  },
  "distilroberta-base": {
    "visual_cortex": 0.22909979969263078,
    "temporal_lobe": 0.3541630685329437,
    "parietal_lobe": 0.3617905884981155,
    "prefrontal_cortex": 0.35809620916843415,
    "hippocampus": 0.020655097626149654,
    "broca_area": 0.3508261203765869,
    "wernicke_area": 0.020655097160488366,
    "anterior_cingulate": 7.285838888615804e-19,
    "cerebellum": 0.1981704550484816,
    "amygdala": 0.5343689799308777
  },
  "gpt2": {
    "visual_cortex": 0.5367019951343537,
    "temporal_lobe": 1.2275633692741394,
    "parietal_lobe": 1.9888118863105775,
    "prefrontal_cortex": 3.212551736831665,
    "hippocampus": 0.021723229065537454,
    "broca_area": 1.5946448802948,
    "wernicke_area": 0.021723228599876167,
    "anterior_cingulate": 8.515915499498377e-19,
    "cerebellum": 1.0498664058744906,
    "amygdala": 8.366901922225953
  },
  "gpt2-medium": {
    "visual_cortex": 1.0797635316848755,
    "temporal_lobe": 2.006932830810547,
    "parietal_lobe": 3.2074167251586916,
    "prefrontal_cortex": 5.501105499267578,
    "hippocampus": 0.021723229717463256,
    "broca_area": 2.540301561355591,
    "wernicke_area": 0.021723228693008422,
    "anterior_cingulate": 2.6247120158385627e-18,
    "cerebellum": 1.1527198858559131,
    "amygdala": 8.585739755630494
  },
  "gpt2-large": {
    "visual_cortex": 0.5818214833736419,
    "temporal_lobe": 1.1321009159088136,
    "parietal_lobe": 2.152535104751587,
    "prefrontal_cortex": 3.6151169776916503,
    "hippocampus": 0.021723229438066483,
    "broca_area": 1.5782806396484375,
    "wernicke_area": 0.021723229438066483,
    "anterior_cingulate": 1.1597866177983923e-18,
    "cerebellum": 0.5662255104631185,
    "amygdala": 0.9242805480957031
  },
  "microsoft/DialoGPT-small": {
    "visual_cortex": 0.5572397828102111,
    "temporal_lobe": 1.460491693019867,
    "parietal_lobe": 2.4909141063690186,
    "prefrontal_cortex": 3.665307354927063,
    "hippocampus": 0.021723229065537454,
    "broca_area": 1.983102262020111,
    "wernicke_area": 0.021723228599876167,
    "anterior_cingulate": 8.515915499498377e-19,
    "cerebellum": 1.4381028528014819,
    "amygdala": 19.468515968322755
  },
  "microsoft/DialoGPT-medium": {
    "visual_cortex": 1.3709466576576232,
    "temporal_lobe": 3.0817402601242065,
    "parietal_lobe": 5.077018070220947,
    "prefrontal_cortex": 7.362276363372803,
    "hippocampus": 0.021723229717463256,
    "broca_area": 3.9808797597885133,
    "wernicke_area": 0.021723228693008422,
    "anterior_cingulate": 2.6247120158385627e-18,
    "cerebellum": 1.512848372757435,
    "amygdala": 0.6582749664783478
  },
  "microsoft/DialoGPT-large": {
    "visual_cortex": 1.1368279576301574,
    "temporal_lobe": 2.2206713199615478,
    "parietal_lobe": 4.44441819190979,
    "prefrontal_cortex": 6.4865068912506105,
    "hippocampus": 0.021723229438066483,
    "broca_area": 3.1817398071289062,
    "wernicke_area": 0.021723229438066483,
    "anterior_cingulate": 1.1597866177983923e-18,
    "cerebellum": 1.0140201774736246,
    "amygdala": 1.5155075073242188
  },
  "EleutherAI/gpt-neo-125M": {
    "visual_cortex": 1.8001347064971924,
    "temporal_lobe": 6.868326997756958,
    "parietal_lobe": 8.419484901428223,
    "prefrontal_cortex": 10.824165725708008,
    "hippocampus": 0.021723229065537454,
    "broca_area": 8.625116634368897,
    "wernicke_area": 0.021723228599876167,
    "anterior_cingulate": 8.515915499498377e-19,
    "cerebellum": 4.432201992472013,
    "amygdala": 2.854954719543457
  },
  "EleutherAI/gpt-neo-1.3B": {
    "visual_cortex": 0.9497735679149628,
    "temporal_lobe": 2.036916530132294,
    "parietal_lobe": 3.3377513885498047,
    "prefrontal_cortex": 5.580140781402588,
    "hippocampus": 0.021723229717463256,
    "broca_area": 2.641583228111267,
    "wernicke_area": 0.021723228693008422,
    "anterior_cingulate": 2.6247120158385627e-18,
    "cerebellum": 1.4243239099780718,
    "amygdala": 2.181363558769226
  },